Symbol,Date,Open,High,Low,Close,Volume,Adj_Close
BAC,2016-07-20,14.35,14.43,14.26,14.40,78185500,14.40
BAC,2016-07-19,14.06,14.37,14.03,14.26,96940100,14.26
BAC,2016-07-18,13.84,14.23,13.82,14.11,187187100,14.11
BAC,2016-07-15,13.78,13.79,13.52,13.66,78652500,13.66
BAC,2016-07-14,13.73,13.78,13.64,13.65,97852100,13.65
BAC,2016-07-13,13.50,13.58,13.32,13.44,74595600,13.44
BAC,2016-07-12,13.41,13.60,13.40,13.54,89070600,13.54
BAC,2016-07-11,13.29,13.40,13.20,13.21,67267300,13.21
BAC,2016-07-08,13.28,13.32,13.11,13.17,92698900,13.17
BAC,2016-07-07,12.87,13.11,12.84,13.01,101100300,13.01
BAC,2016-07-06,12.52,12.92,12.45,12.86,94983300,12.86
BAC,2016-07-05,12.93,12.94,12.63,12.74,98246500,12.74
BAC,2016-07-01,13.19,13.27,13.02,13.10,88888100,13.10
BAC,2016-06-30,13.37,13.38,13.07,13.27,125773900,13.27
BAC,2016-06-29,13.07,13.22,12.92,13.19,118484000,13.19
BAC,2016-06-28,12.57,12.72,12.35,12.70,150136300,12.70
BAC,2016-06-27,12.77,12.77,12.05,12.18,250847700,12.18
BAC,2016-06-24,13.05,13.44,12.97,13.00,231499200,13.00
BAC,2016-06-23,13.84,14.05,13.82,14.04,82494600,14.04
BAC,2016-06-22,13.60,13.78,13.59,13.61,77980500,13.61
BAC,2016-06-21,13.62,13.65,13.45,13.62,73810800,13.62
BAC,2016-06-20,13.74,13.85,13.51,13.54,89874000,13.54
BAC,2016-06-17,13.38,13.53,13.28,13.40,89022300,13.40
BAC,2016-06-16,13.23,13.33,13.02,13.31,90152000,13.31
BAC,2016-06-15,13.38,13.66,13.28,13.34,100659100,13.34
BAC,2016-06-14,13.56,13.73,13.17,13.26,85377800,13.26
BAC,2016-06-13,13.64,13.91,13.58,13.60,74851700,13.60
BAC,2016-06-10,13.98,14.00,13.75,13.83,90725700,13.83
BAC,2016-06-09,14.32,14.32,14.08,14.19,74814900,14.19
BAC,2016-06-08,14.35,14.46,14.30,14.43,58292900,14.43
BAC,2016-06-07,14.54,14.60,14.34,14.35,67447100,14.35
BAC,2016-06-06,14.44,14.70,14.37,14.52,80949300,14.52
BAC,2016-06-03,14.46,14.50,14.19,14.42,148600900,14.42
BAC,2016-06-02,14.95,14.98,14.77,14.94,64327300,14.94
BAC,2016-06-01,14.60,14.90,14.45,14.86,62612100,14.86
BAC,2016-05-31,15.03,15.05,14.73,14.79,85635900,14.74
BAC,2016-05-27,14.76,14.88,14.69,14.88,62411300,14.83
BAC,2016-05-26,14.98,14.99,14.69,14.70,65356600,14.65
BAC,2016-05-25,14.83,15.15,14.83,14.92,123498700,14.87
BAC,2016-05-24,14.60,14.75,14.53,14.68,96183700,14.63
BAC,2016-05-23,14.54,14.60,14.40,14.47,66303200,14.42
BAC,2016-05-20,14.64,14.70,14.43,14.52,81214000,14.47
BAC,2016-05-19,14.60,14.87,14.43,14.53,106156900,14.48
BAC,2016-05-18,14.02,14.75,14.01,14.69,151871700,14.64
BAC,2016-05-17,13.89,14.13,13.82,14.01,76273800,13.96
BAC,2016-05-16,13.82,14.02,13.80,13.93,57848600,13.88
BAC,2016-05-13,14.15,14.37,13.87,13.88,86193900,13.83
BAC,2016-05-12,14.30,14.47,14.05,14.14,72567100,14.09
BAC,2016-05-11,14.25,14.50,14.19,14.20,68088900,14.15
BAC,2016-05-10,14.08,14.33,14.05,14.30,59870500,14.25
BAC,2016-05-09,14.08,14.19,13.91,13.99,55399600,13.94
BAC,2016-05-06,13.83,14.14,13.80,14.11,76595100,14.06
BAC,2016-05-05,14.15,14.32,14.00,14.05,73145900,14.00
BAC,2016-05-04,14.09,14.27,14.00,14.13,99269700,14.08
BAC,2016-05-03,14.51,14.51,14.15,14.36,110549000,14.31
BAC,2016-05-02,14.58,14.78,14.40,14.77,68882800,14.72
BAC,2016-04-29,14.73,14.85,14.43,14.56,122128100,14.51
BAC,2016-04-28,14.92,15.08,14.76,14.79,78639300,14.74
BAC,2016-04-27,15.02,15.30,14.98,15.02,115789000,14.97
BAC,2016-04-26,15.02,15.14,14.80,15.09,84812400,15.04
BAC,2016-04-25,15.02,15.14,14.81,14.96,70489500,14.91
BAC,2016-04-22,14.87,15.14,14.87,15.11,83456600,15.06
BAC,2016-04-21,14.93,15.14,14.75,14.90,121589000,14.85
BAC,2016-04-20,14.56,14.94,14.53,14.93,115628700,14.88
BAC,2016-04-19,14.26,14.54,14.24,14.45,107153600,14.40
BAC,2016-04-18,13.85,14.24,13.82,14.17,81998200,14.12
BAC,2016-04-15,14.27,14.29,13.95,14.00,87958700,13.95
BAC,2016-04-14,13.71,14.28,13.70,14.14,179383300,14.09
BAC,2016-04-13,13.55,13.85,13.53,13.79,138647200,13.74
BAC,2016-04-12,13.00,13.33,12.93,13.27,100791600,13.23
BAC,2016-04-11,12.92,13.09,12.88,12.97,79411500,12.93
BAC,2016-04-08,13.03,13.14,12.86,12.88,76548100,12.84
BAC,2016-04-07,13.15,13.21,12.75,12.85,105704500,12.81
BAC,2016-04-06,13.20,13.30,13.11,13.27,62558500,13.23
BAC,2016-04-05,13.30,13.34,13.16,13.19,78445900,13.15
BAC,2016-04-04,13.54,13.65,13.41,13.51,59709600,13.46
BAC,2016-04-01,13.47,13.65,13.32,13.56,73130900,13.51
BAC,2016-03-31,13.49,13.71,13.45,13.52,79592100,13.47
BAC,2016-03-30,13.49,13.66,13.46,13.48,85897000,13.43
BAC,2016-03-29,13.54,13.54,13.26,13.42,101606800,13.37
BAC,2016-03-28,13.73,13.74,13.54,13.62,54498500,13.57
BAC,2016-03-24,13.41,13.69,13.27,13.68,94836500,13.63
BAC,2016-03-23,13.77,13.83,13.60,13.62,95789700,13.57
BAC,2016-03-22,13.67,13.84,13.63,13.76,83252100,13.71
BAC,2016-03-21,13.80,14.03,13.72,13.84,104695700,13.79
BAC,2016-03-18,13.68,13.88,13.55,13.79,146616200,13.74
BAC,2016-03-17,13.22,13.48,13.05,13.40,122212300,13.35
BAC,2016-03-16,13.51,13.81,13.09,13.31,149645400,13.27
BAC,2016-03-15,13.51,13.60,13.39,13.57,80404000,13.52
BAC,2016-03-14,13.72,13.74,13.49,13.64,87746800,13.59
BAC,2016-03-11,13.44,13.84,13.37,13.79,120400600,13.74
BAC,2016-03-10,13.23,13.40,13.00,13.27,123532800,13.23
BAC,2016-03-09,13.17,13.27,13.00,13.14,92253800,13.10
BAC,2016-03-08,13.40,13.47,13.05,13.06,125894800,13.02
BAC,2016-03-07,13.45,13.62,13.37,13.53,97650300,13.48
BAC,2016-03-04,13.76,13.89,13.49,13.54,171410900,13.49
BAC,2016-03-03,13.38,13.55,13.25,13.50,105082700,13.45
BAC,2016-03-02,13.20,13.51,13.13,13.41,139622500,13.36
BAC,2016-03-01,12.64,13.21,12.62,13.19,153558200,13.10
BAC,2016-02-29,12.70,12.86,12.51,12.52,123661100,12.43
BAC,2016-02-26,12.49,12.95,12.40,12.70,160314400,12.61
BAC,2016-02-25,12.14,12.33,12.09,12.32,103054600,12.23
BAC,2016-02-24,11.96,12.15,11.65,12.13,159552800,12.04
BAC,2016-02-23,12.47,12.48,12.10,12.16,104498700,12.07
BAC,2016-02-22,12.13,12.54,12.13,12.54,88865500,12.45
BAC,2016-02-19,12.22,12.24,11.98,12.13,121045600,12.04
BAC,2016-02-18,12.71,12.74,12.10,12.24,161539400,12.15
BAC,2016-02-17,12.57,12.69,12.47,12.56,221859400,12.47
BAC,2016-02-16,12.38,12.39,12.11,12.25,194306700,12.16
BAC,2016-02-12,11.48,12.03,11.40,11.95,245388400,11.86
BAC,2016-02-11,11.46,11.55,10.99,11.16,375088700,11.08
BAC,2016-02-10,12.42,12.54,11.91,11.98,227530000,11.89
BAC,2016-02-09,11.99,12.43,11.96,12.20,247349000,12.11
BAC,2016-02-08,12.67,12.70,12.13,12.27,221363600,12.18
BAC,2016-02-05,13.32,13.39,12.89,12.95,125842800,12.86
BAC,2016-02-04,12.89,13.59,12.89,13.25,179394400,13.16
BAC,2016-02-03,13.28,13.29,12.52,13.03,257664600,12.94
BAC,2016-02-02,13.74,13.75,13.13,13.23,147101200,13.14
BAC,2016-02-01,14.05,14.09,13.80,13.96,105739400,13.86
BAC,2016-01-29,13.66,14.15,13.59,14.14,159984100,14.04
BAC,2016-01-28,13.59,13.71,13.26,13.53,110996200,13.43
BAC,2016-01-27,13.20,13.73,13.19,13.36,124095800,13.26
BAC,2016-01-26,13.07,13.35,13.04,13.31,124246900,13.21
BAC,2016-01-25,13.54,13.55,12.94,12.96,186419100,12.87
BAC,2016-01-22,13.65,13.72,13.47,13.56,169999800,13.46
BAC,2016-01-21,13.67,13.84,13.25,13.36,188976000,13.26
BAC,2016-01-20,13.79,14.00,13.27,13.69,250537600,13.59
BAC,2016-01-19,14.69,14.79,14.01,14.24,185727400,14.14
BAC,2016-01-15,14.41,14.66,14.13,14.46,172296100,14.36
BAC,2016-01-14,15.01,15.20,14.65,14.99,125920000,14.88
BAC,2016-01-13,15.47,15.52,14.85,14.90,119413000,14.79
BAC,2016-01-12,15.54,15.58,15.06,15.31,100023500,15.20
BAC,2016-01-11,15.26,15.37,14.94,15.31,104611700,15.20
BAC,2016-01-08,15.94,15.94,15.16,15.20,124782400,15.09
BAC,2016-01-07,15.73,15.90,15.44,15.50,116255900,15.39
BAC,2016-01-06,16.19,16.29,16.02,16.08,102760800,15.96
BAC,2016-01-05,16.52,16.59,16.23,16.43,66670000,16.31
BAC,2016-01-04,16.45,16.49,16.25,16.43,114888000,16.31
BAC,2015-12-31,17.01,17.07,16.83,16.83,47153000,16.71
BAC,2015-12-30,17.20,17.24,17.04,17.05,35066400,16.93
BAC,2015-12-29,17.25,17.35,17.16,17.28,45670400,17.16
BAC,2015-12-28,17.22,17.23,16.98,17.13,41777500,17.01
BAC,2015-12-24,17.32,17.38,17.22,17.27,29373400,17.15
BAC,2015-12-23,17.16,17.34,17.10,17.34,65770700,17.22
BAC,2015-12-22,17.05,17.11,16.85,17.08,56173500,16.96
BAC,2015-12-21,16.98,17.03,16.77,16.97,65150300,16.85
BAC,2015-12-18,17.19,17.27,16.76,16.76,136737800,16.64
BAC,2015-12-17,17.80,17.83,17.30,17.30,97265700,17.18
BAC,2015-12-16,17.65,17.78,17.23,17.75,171576700,17.62
BAC,2015-12-15,17.02,17.49,16.99,17.42,99289600,17.30
BAC,2015-12-14,16.76,16.89,16.50,16.80,121121200,16.68
BAC,2015-12-11,16.97,17.06,16.64,16.73,91503900,16.61
BAC,2015-12-10,17.15,17.41,16.96,17.20,68395000,17.08
BAC,2015-12-09,17.11,17.38,16.87,17.10,82418100,16.98
BAC,2015-12-08,17.39,17.46,17.13,17.19,84873500,17.07
BAC,2015-12-07,17.79,17.80,17.44,17.54,81633300,17.41
BAC,2015-12-04,17.44,17.83,17.38,17.80,103021700,17.67
BAC,2015-12-03,17.68,17.77,17.25,17.30,95810100,17.18
BAC,2015-12-02,17.88,17.89,17.55,17.62,76919000,17.49
BAC,2015-12-01,17.52,17.81,17.48,17.81,74351800,17.63
BAC,2015-11-30,17.48,17.58,17.42,17.43,61893700,17.26
BAC,2015-11-27,17.46,17.50,17.33,17.48,22937500,17.31
BAC,2015-11-25,17.51,17.57,17.41,17.44,34939000,17.27
BAC,2015-11-24,17.26,17.57,17.25,17.47,58724200,17.30
BAC,2015-11-23,17.62,17.73,17.46,17.47,50362900,17.30
BAC,2015-11-20,17.81,17.83,17.59,17.65,56288300,17.47
BAC,2015-11-19,17.78,17.85,17.62,17.69,51829700,17.51
BAC,2015-11-18,17.43,17.87,17.43,17.84,85708300,17.66
BAC,2015-11-17,17.50,17.60,17.34,17.42,70488600,17.25
BAC,2015-11-16,17.13,17.46,17.01,17.43,70384300,17.26
BAC,2015-11-13,17.13,17.31,17.09,17.20,103574900,17.03
BAC,2015-11-12,17.58,17.63,17.35,17.37,77850900,17.20
BAC,2015-11-11,17.99,17.99,17.68,17.75,59235000,17.57
BAC,2015-11-10,17.63,17.94,17.56,17.85,59905800,17.67
BAC,2015-11-09,18.03,18.08,17.56,17.68,129920700,17.50
BAC,2015-11-06,17.84,18.09,17.76,17.95,158037500,17.77
BAC,2015-11-05,17.03,17.37,17.03,17.31,85505500,17.14
BAC,2015-11-04,17.30,17.31,16.96,17.01,78728400,16.84
BAC,2015-11-03,17.01,17.26,16.99,17.18,66127100,17.01
BAC,2015-11-02,16.90,17.14,16.87,17.06,56948200,16.89
BAC,2015-10-30,17.18,17.18,16.76,16.78,87645800,16.61
BAC,2015-10-29,17.16,17.44,16.97,17.09,95542300,16.92
BAC,2015-10-28,16.45,17.31,16.45,17.28,147720100,17.11
BAC,2015-10-27,16.40,16.47,16.30,16.40,56159300,16.24
BAC,2015-10-26,16.52,16.55,16.34,16.51,67702800,16.35
BAC,2015-10-23,16.29,16.55,16.25,16.52,82285800,16.36
BAC,2015-10-22,16.00,16.20,16.00,16.16,74116600,16.00
BAC,2015-10-21,16.26,16.29,15.90,15.90,64440400,15.74
BAC,2015-10-20,16.16,16.29,16.10,16.20,50797800,16.04
BAC,2015-10-19,16.00,16.21,15.98,16.14,62953500,15.98
BAC,2015-10-16,16.29,16.29,16.03,16.12,66791000,15.96
BAC,2015-10-15,15.81,16.28,15.72,16.19,127028800,16.03
BAC,2015-10-14,15.77,15.92,15.55,15.64,122272400,15.48
BAC,2015-10-13,15.45,15.59,15.40,15.52,73689800,15.37
BAC,2015-10-12,15.60,15.62,15.43,15.52,50725800,15.37
BAC,2015-10-09,15.75,15.82,15.50,15.58,76667100,15.43
BAC,2015-10-08,15.72,15.78,15.51,15.75,79056900,15.59
BAC,2015-10-07,15.78,15.93,15.57,15.75,66655600,15.59
BAC,2015-10-06,15.68,15.82,15.57,15.69,67473700,15.53
BAC,2015-10-05,15.45,15.79,15.44,15.69,75315300,15.53
BAC,2015-10-02,15.08,15.38,14.63,15.38,181838400,15.23
BAC,2015-10-01,15.52,15.64,15.36,15.55,71516800,15.40
BAC,2015-09-30,15.55,15.60,15.32,15.58,71347100,15.43
BAC,2015-09-29,15.50,15.53,15.25,15.35,79829400,15.20
BAC,2015-09-28,15.79,15.82,15.38,15.47,91324300,15.32
BAC,2015-09-25,15.88,16.02,15.81,15.89,88655000,15.73
BAC,2015-09-24,15.54,15.62,15.40,15.55,99520100,15.40
BAC,2015-09-23,15.60,15.85,15.58,15.72,78117500,15.56
BAC,2015-09-22,15.49,15.58,15.45,15.57,92235200,15.42
BAC,2015-09-21,15.67,15.75,15.57,15.70,79096200,15.54
BAC,2015-09-18,15.68,15.71,15.50,15.56,136531200,15.41
BAC,2015-09-17,16.29,16.48,15.78,15.86,119088200,15.70
BAC,2015-09-16,16.35,16.39,16.09,16.33,83776400,16.17
BAC,2015-09-15,16.04,16.39,16.01,16.31,62327100,16.15
BAC,2015-09-14,15.97,16.07,15.90,15.96,50640900,15.80
BAC,2015-09-11,15.99,16.06,15.90,16.04,54287700,15.88
BAC,2015-09-10,15.87,16.11,15.81,16.04,71110200,15.88
BAC,2015-09-09,16.37,16.46,15.83,15.90,70466100,15.74
BAC,2015-09-08,15.96,16.16,15.90,16.16,73960200,16.00
BAC,2015-09-04,15.79,15.86,15.50,15.65,104539500,15.49
BAC,2015-09-03,15.97,16.19,15.87,15.94,77175800,15.78
BAC,2015-09-02,15.82,15.86,15.57,15.85,74820400,15.69
BAC,2015-09-01,15.95,16.05,15.46,15.58,119064000,15.38
BAC,2015-08-31,16.33,16.38,16.18,16.34,66695200,16.13
BAC,2015-08-28,16.40,16.44,16.20,16.36,75899300,16.15
BAC,2015-08-27,16.38,16.45,16.09,16.44,124185400,16.22
BAC,2015-08-26,15.81,16.06,15.34,16.06,174208500,15.85
BAC,2015-08-25,16.20,16.20,15.25,15.26,194377000,15.06
BAC,2015-08-24,15.02,15.98,14.60,15.29,214649500,15.09
BAC,2015-08-21,16.20,16.66,16.10,16.10,148874300,15.89
BAC,2015-08-20,17.19,17.20,16.72,16.72,149185400,16.50
BAC,2015-08-19,17.55,17.69,17.44,17.46,78540500,17.23
BAC,2015-08-18,17.72,17.90,17.65,17.69,50360700,17.46
BAC,2015-08-17,17.61,17.81,17.56,17.77,42310000,17.54
BAC,2015-08-14,17.57,17.70,17.54,17.70,52710300,17.47
BAC,2015-08-13,17.56,17.69,17.44,17.62,67456200,17.39
BAC,2015-08-12,17.62,17.65,17.02,17.52,141600100,17.29
BAC,2015-08-11,17.85,17.97,17.72,17.79,65868600,17.56
BAC,2015-08-10,17.87,18.05,17.86,18.04,65791200,17.80
BAC,2015-08-07,17.92,18.07,17.60,17.75,71020700,17.52
BAC,2015-08-06,17.91,17.98,17.77,17.81,47594700,17.58
BAC,2015-08-05,17.93,18.05,17.80,17.87,65228600,17.64
BAC,2015-08-04,17.79,17.93,17.71,17.80,69741500,17.57
BAC,2015-08-03,17.91,17.97,17.64,17.77,62376800,17.54
BAC,2015-07-31,18.03,18.06,17.86,17.88,67176900,17.65
BAC,2015-07-30,18.20,18.29,18.05,18.13,65667900,17.89
BAC,2015-07-29,17.95,18.20,17.92,18.16,96388600,17.92
BAC,2015-07-28,17.79,17.89,17.60,17.88,82166800,17.65
BAC,2015-07-27,17.66,17.78,17.50,17.67,93231900,17.44
BAC,2015-07-24,18.18,18.23,17.84,17.90,86364300,17.67
BAC,2015-07-23,18.39,18.43,18.08,18.18,103650100,17.94
BAC,2015-07-22,18.03,18.48,18.03,18.45,110327000,18.21
BAC,2015-07-21,18.11,18.17,18.02,18.08,63732800,17.84
GE,2016-07-18,32.89,32.94,32.66,32.91,27762500,32.91
GE,2016-07-15,32.76,32.95,32.74,32.88,42308800,32.88
GE,2016-07-14,32.50,32.72,32.49,32.63,33877800,32.63
GE,2016-07-13,32.26,32.48,32.25,32.36,32464400,32.36
GE,2016-07-12,32.31,32.49,32.13,32.26,38091000,32.26
GE,2016-07-11,32.26,32.50,32.18,32.21,37979100,32.21
GE,2016-07-08,31.99,32.27,31.99,32.20,38531700,32.20
GE,2016-07-07,31.81,32.10,31.74,31.82,37517900,31.82
GE,2016-07-06,31.27,31.80,31.27,31.74,32105900,31.74
GE,2016-07-05,31.25,31.53,31.12,31.45,32360500,31.45
GE,2016-07-01,31.48,31.63,31.32,31.49,32700300,31.49
GE,2016-06-30,30.66,31.50,30.65,31.48,54514500,31.48
GE,2016-06-29,30.51,30.62,30.30,30.55,35868200,30.55
GE,2016-06-28,29.81,30.00,29.67,29.94,38208500,29.94
GE,2016-06-27,29.54,29.62,29.17,29.32,54040100,29.32
GE,2016-06-24,30.11,30.55,29.75,29.82,85669200,29.82
GE,2016-06-23,31.06,31.21,30.97,31.19,40229000,31.19
GE,2016-06-22,31.00,31.10,30.77,30.78,36011800,30.78
GE,2016-06-21,30.88,31.01,30.87,30.94,36034300,30.94
GE,2016-06-20,30.85,31.32,30.83,30.83,47891100,30.83
GE,2016-06-17,30.65,30.72,30.45,30.60,55635900,30.60
GE,2016-06-16,30.14,30.74,30.08,30.64,67618100,30.64
GE,2016-06-15,30.48,30.91,30.47,30.59,43765200,30.36
GE,2016-06-14,29.82,30.46,29.79,30.44,43700500,30.21
GE,2016-06-13,29.98,30.13,29.79,29.83,32960000,29.61
GE,2016-06-10,30.02,30.28,29.93,30.04,29430000,29.81
GE,2016-06-09,30.16,30.33,30.02,30.24,26527200,30.01
GE,2016-06-08,30.23,30.50,30.16,30.31,29141300,30.08
GE,2016-06-07,30.14,30.41,30.13,30.14,25650900,29.91
GE,2016-06-06,30.00,30.23,29.95,30.12,18662100,29.89
GE,2016-06-03,30.02,30.05,29.81,29.94,23802500,29.71
GE,2016-06-02,30.01,30.05,29.85,30.05,19031300,29.82
GE,2016-06-01,30.04,30.14,29.89,30.11,21126700,29.88
GE,2016-05-31,30.12,30.34,30.07,30.23,30296300,30.00
GE,2016-05-27,30.14,30.19,30.04,30.12,19499100,29.89
GE,2016-05-26,30.07,30.23,30.00,30.02,22647400,29.79
GE,2016-05-25,30.00,30.32,29.96,30.09,27658300,29.86
GE,2016-05-24,29.72,29.97,29.69,29.85,24220300,29.63
GE,2016-05-23,29.52,29.67,29.41,29.49,23615400,29.27
GE,2016-05-20,29.53,29.68,29.43,29.56,35004500,29.34
GE,2016-05-19,29.33,29.45,29.06,29.36,34044800,29.14
GE,2016-05-18,29.70,29.85,29.43,29.61,27805500,29.39
GE,2016-05-17,29.89,30.09,29.58,29.71,33520100,29.49
GE,2016-05-16,29.55,30.13,29.52,29.96,25698300,29.73
GE,2016-05-13,29.97,30.11,29.54,29.64,35266900,29.42
GE,2016-05-12,29.84,30.20,29.84,30.09,47269600,29.86
GE,2016-05-11,30.50,30.75,30.34,30.34,23610500,30.11
GE,2016-05-10,29.99,30.56,29.98,30.48,27130400,30.25
GE,2016-05-09,30.05,30.09,29.63,29.87,27154300,29.65
GE,2016-05-06,29.68,30.24,29.41,30.12,28301400,29.89
GE,2016-05-05,30.14,30.24,29.80,29.89,31699200,29.67
GE,2016-05-04,30.40,30.42,29.89,30.07,39794600,29.84
GE,2016-05-03,30.64,30.71,30.35,30.63,27715500,30.40
GE,2016-05-02,30.64,30.99,30.63,30.89,17191100,30.66
GE,2016-04-29,30.75,30.97,30.60,30.75,28902600,30.52
GE,2016-04-28,30.74,31.22,30.70,30.90,28826800,30.67
GE,2016-04-27,30.94,31.01,30.82,30.93,22943900,30.70
GE,2016-04-26,30.84,30.98,30.74,30.90,28684900,30.67
GE,2016-04-25,30.81,30.86,30.40,30.68,35476500,30.45
GE,2016-04-22,31.03,31.18,30.31,30.76,56497500,30.53
GE,2016-04-21,31.12,31.28,30.85,30.98,39651400,30.75
GE,2016-04-20,31.20,31.35,31.05,31.15,26550900,30.92
GE,2016-04-19,31.14,31.21,31.01,31.15,22872400,30.92
GE,2016-04-18,30.90,31.19,30.90,31.06,21074400,30.83
GE,2016-04-15,31.07,31.10,30.93,31.03,24440100,30.80
GE,2016-04-14,30.99,31.08,30.86,31.02,21497400,30.79
GE,2016-04-13,30.98,31.10,30.94,30.98,23692700,30.75
GE,2016-04-12,30.68,30.93,30.58,30.81,27555300,30.58
GE,2016-04-11,30.83,31.00,30.71,30.71,25126500,30.48
GE,2016-04-08,30.90,31.08,30.69,30.79,26808900,30.56
GE,2016-04-07,30.72,30.78,30.51,30.63,33563500,30.40
GE,2016-04-06,30.89,31.50,30.64,30.90,36643200,30.67
GE,2016-04-05,30.95,31.13,30.78,30.98,31282100,30.75
GE,2016-04-04,31.69,31.71,31.09,31.23,44929000,31.00
GE,2016-04-01,31.50,32.02,31.45,31.93,39399600,31.69
GE,2016-03-31,31.89,32.05,31.76,31.79,36834300,31.55
GE,2016-03-30,31.76,31.95,31.73,31.83,35094000,31.59
GE,2016-03-29,31.46,31.58,31.28,31.48,38549800,31.24
GE,2016-03-28,31.14,31.70,31.10,31.49,39486800,31.25
GE,2016-03-24,30.91,31.11,30.82,31.11,27603000,30.88
GE,2016-03-23,31.04,31.24,31.01,31.07,27235100,30.84
GE,2016-03-22,30.98,31.24,30.97,31.06,26036000,30.83
GE,2016-03-21,30.85,31.20,30.79,31.09,27368300,30.86
GE,2016-03-18,31.09,31.15,30.90,30.92,52373900,30.69
GE,2016-03-17,30.22,31.11,30.18,30.96,60643300,30.73
GE,2016-03-16,30.24,30.31,30.07,30.17,32847000,29.94
GE,2016-03-15,30.03,30.37,30.03,30.28,28899000,30.05
GE,2016-03-14,30.22,30.37,30.08,30.27,22160300,30.04
GE,2016-03-11,30.14,30.58,30.14,30.34,32159600,30.11
GE,2016-03-10,30.17,30.29,29.79,29.94,33147900,29.71
GE,2016-03-09,30.16,30.20,29.97,30.05,24820900,29.82
GE,2016-03-08,30.08,30.22,29.97,30.06,31147900,29.83
GE,2016-03-07,30.26,30.45,30.13,30.29,26247200,30.06
GE,2016-03-04,30.22,30.59,30.22,30.46,33034900,30.23
GE,2016-03-03,30.20,30.40,30.06,30.22,28112900,29.99
GE,2016-03-02,29.78,30.18,29.76,30.18,37215200,29.95
GE,2016-03-01,29.41,29.97,29.31,29.88,32332700,29.66
GE,2016-02-29,29.44,29.55,29.12,29.14,34166400,28.92
GE,2016-02-26,29.30,29.56,29.29,29.40,29345100,29.18
GE,2016-02-25,28.80,29.28,28.78,29.23,35881300,29.01
GE,2016-02-24,28.90,29.05,28.40,28.96,44928500,28.51
GE,2016-02-23,29.21,29.36,29.08,29.22,31151200,28.77
GE,2016-02-22,29.02,29.49,29.02,29.41,38513100,28.96
GE,2016-02-19,28.94,29.13,28.68,29.02,36065100,28.57
GE,2016-02-18,29.30,29.35,28.99,29.08,31054300,28.63
GE,2016-02-17,29.14,29.61,29.12,29.34,38254800,28.89
GE,2016-02-16,28.58,29.03,28.42,28.86,47218800,28.42
GE,2016-02-12,27.57,28.26,27.36,28.26,57645600,27.82
GE,2016-02-11,27.75,28.03,27.10,27.45,80550000,27.03
GE,2016-02-10,28.37,28.70,28.25,28.30,32492600,27.86
GE,2016-02-09,27.75,28.54,27.75,28.28,37031600,27.84
GE,2016-02-08,28.22,28.27,27.76,28.17,48096400,27.74
GE,2016-02-05,29.15,29.20,28.30,28.54,51984700,28.10
GE,2016-02-04,28.65,29.46,28.49,29.18,53998300,28.73
GE,2016-02-03,28.39,28.69,27.87,28.67,44261600,28.23
GE,2016-02-02,28.27,28.29,27.92,28.24,40071800,27.81
GE,2016-02-01,29.01,29.03,28.56,28.64,43446200,28.20
GE,2016-01-29,28.46,29.11,28.34,29.10,51576200,28.65
GE,2016-01-28,28.22,28.35,27.93,28.21,40069900,27.78
GE,2016-01-27,28.20,28.58,27.82,28.00,46116400,27.57
GE,2016-01-26,28.07,28.54,28.05,28.31,42432900,27.87
GE,2016-01-25,28.32,28.49,28.00,28.04,44848800,27.61
GE,2016-01-22,28.55,28.56,27.71,28.24,87869400,27.81
GE,2016-01-21,28.13,28.99,28.13,28.59,56037600,28.15
GE,2016-01-20,27.93,28.43,27.48,28.00,88062800,27.57
GE,2016-01-19,28.72,28.89,28.20,28.49,51986800,28.05
GE,2016-01-15,28.14,28.76,28.10,28.49,69424800,28.05
GE,2016-01-14,28.31,29.25,28.29,29.06,65236900,28.61
GE,2016-01-13,28.91,29.06,28.20,28.24,55717700,27.81
GE,2016-01-12,28.76,28.88,28.34,28.64,47682800,28.20
GE,2016-01-11,28.54,29.92,28.25,28.58,58433400,28.14
GE,2016-01-08,29.20,29.30,28.34,28.45,74496100,28.01
GE,2016-01-07,29.65,29.96,28.85,28.97,92267400,28.52
GE,2016-01-06,30.27,30.72,30.05,30.25,62652700,29.78
GE,2016-01-05,30.68,30.84,30.45,30.74,55176200,30.27
GE,2016-01-04,30.55,30.76,30.25,30.71,62881500,30.24
GE,2015-12-31,30.86,31.49,30.79,31.15,52307700,30.67
GE,2015-12-30,31.28,31.44,31.01,31.05,29127700,30.57
GE,2015-12-29,31.01,31.48,31.00,31.28,33400400,30.80
GE,2015-12-28,30.74,31.00,30.61,30.90,26557700,30.42
GE,2015-12-24,30.90,30.93,30.69,30.83,13518900,30.36
GE,2015-12-23,30.52,31.00,30.52,30.95,35775400,30.47
GE,2015-12-22,30.49,30.63,30.16,30.49,42256400,30.02
GE,2015-12-21,30.42,30.60,30.15,30.40,40719200,29.93
GE,2015-12-18,30.39,30.58,30.28,30.28,83144800,29.81
GE,2015-12-17,30.94,31.05,30.53,30.55,58024100,30.08
GE,2015-12-16,30.46,31.23,30.42,30.98,73831500,30.28
GE,2015-12-15,30.40,30.61,30.22,30.32,58880700,29.63
GE,2015-12-14,30.26,30.46,29.77,30.26,65059300,29.57
GE,2015-12-11,30.32,30.61,30.15,30.26,62907700,29.57
GE,2015-12-10,30.44,30.93,30.37,30.65,47082500,29.95
GE,2015-12-09,30.02,30.59,29.96,30.47,50560400,29.78
GE,2015-12-08,30.07,30.38,29.91,30.19,53265500,29.50
GE,2015-12-07,30.42,30.44,30.12,30.37,66681300,29.68
GE,2015-12-04,30.07,30.52,29.96,30.49,58203200,29.80
GE,2015-12-03,30.09,30.25,29.97,30.03,62969900,29.35
GE,2015-12-02,30.09,30.23,29.88,29.97,44123600,29.29
GE,2015-12-01,29.99,30.25,29.87,30.17,54244900,29.48
GE,2015-11-30,30.33,30.45,29.94,29.94,79716600,29.26
GE,2015-11-27,30.27,30.38,30.19,30.36,33143900,29.67
GE,2015-11-25,30.64,30.65,30.30,30.36,54159700,29.67
GE,2015-11-24,30.33,30.87,30.28,30.66,145876700,29.96
GE,2015-11-23,30.59,30.82,30.26,30.59,135391500,29.90
GE,2015-11-20,30.26,30.99,30.21,30.66,210757500,29.96
GE,2015-11-19,30.38,30.51,30.25,30.27,98930100,29.58
GE,2015-11-18,30.22,30.57,30.10,30.52,177775400,29.83
GE,2015-11-17,30.57,30.75,30.00,30.32,431332600,29.63
GE,2015-11-16,29.88,30.60,29.77,30.36,284804200,29.67
GE,2015-11-13,29.86,30.49,29.81,30.28,247153700,29.59
GE,2015-11-12,30.41,30.90,30.11,30.16,292791600,29.48
GE,2015-11-11,30.20,30.82,30.20,30.67,197598800,29.97
GE,2015-11-10,29.63,30.27,29.61,30.12,239465000,29.44
GE,2015-11-09,29.76,29.95,29.38,29.75,145462200,29.07
GE,2015-11-06,29.44,29.95,29.25,29.92,126109800,29.24
GE,2015-11-05,29.47,29.74,29.31,29.64,122593500,28.97
GE,2015-11-04,29.55,29.79,29.46,29.54,105133900,28.87
GE,2015-11-03,29.21,29.79,29.18,29.59,95829900,28.92
GE,2015-11-02,28.94,29.40,28.88,29.40,59504700,28.73
GE,2015-10-30,29.22,29.33,28.91,28.92,71021400,28.26
GE,2015-10-29,29.17,29.38,29.06,29.34,42373900,28.67
GE,2015-10-28,29.33,29.58,29.15,29.39,71077500,28.72
GE,2015-10-27,29.41,29.64,29.23,29.46,67606200,28.79
GE,2015-10-26,29.52,29.66,29.41,29.55,48757400,28.88
GE,2015-10-23,29.70,29.83,29.42,29.51,76867200,28.84
GE,2015-10-22,28.95,29.74,28.91,29.58,81476400,28.91
GE,2015-10-21,28.79,29.24,28.78,28.85,65404100,28.19
GE,2015-10-20,28.82,29.00,28.70,28.78,75155000,28.13
GE,2015-10-19,28.80,29.56,28.75,28.99,131036400,28.33
GE,2015-10-16,28.61,29.19,28.22,28.98,141526300,28.32
GE,2015-10-15,27.80,28.17,27.64,28.03,76978600,27.39
GE,2015-10-14,27.74,27.84,27.48,27.60,39107900,26.97
GE,2015-10-13,27.97,28.28,27.87,27.87,43203200,27.24
GE,2015-10-12,27.98,28.17,27.91,28.09,25239600,27.45
GE,2015-10-09,27.98,28.17,27.89,28.07,47327600,27.43
GE,2015-10-08,27.63,28.20,27.43,28.03,51114700,27.39
GE,2015-10-07,27.50,27.77,27.32,27.77,65671000,27.14
GE,2015-10-06,26.99,27.41,26.96,27.29,71909400,26.67
GE,2015-10-05,26.37,27.20,26.22,26.82,105423300,26.21
GE,2015-10-02,24.87,25.49,24.83,25.47,42676200,24.89
GE,2015-10-01,25.15,25.31,24.79,25.19,39723600,24.62
GE,2015-09-30,24.73,25.24,24.69,25.22,43758300,24.65
GE,2015-09-29,24.33,24.60,24.26,24.57,41587800,24.01
GE,2015-09-28,24.69,24.74,24.31,24.31,42641300,23.76
GE,2015-09-25,25.00,25.04,24.86,24.92,38950100,24.35
GE,2015-09-24,24.87,25.45,24.65,24.91,53239500,24.34
GE,2015-09-23,25.01,25.33,24.98,25.14,41190000,24.57
GE,2015-09-22,24.76,25.16,24.60,25.11,44205000,24.54
GE,2015-09-21,24.89,25.20,24.84,25.09,29618900,24.52
GE,2015-09-18,25.15,25.21,24.71,24.80,77869300,24.24
GE,2015-09-17,25.50,25.93,25.27,25.35,48844100,24.77
GE,2015-09-16,25.53,26.03,25.42,25.93,61540100,25.12
GE,2015-09-15,24.90,25.45,24.70,25.30,46334700,24.51
GE,2015-09-14,24.97,24.98,24.60,24.77,26237600,23.99
GE,2015-09-11,24.74,24.96,24.50,24.95,31903000,24.17
GE,2015-09-10,24.56,24.86,24.50,24.68,35043100,23.91
GE,2015-09-09,25.20,25.22,24.48,24.55,34611200,23.78
GE,2015-09-08,24.51,24.98,24.27,24.96,46212800,24.18
GE,2015-09-04,24.18,24.18,23.85,24.00,35628400,23.25
GE,2015-09-03,24.76,24.95,24.39,24.51,33564800,23.74
GE,2015-09-02,24.14,24.58,23.83,24.57,50480800,23.80
GE,2015-09-01,24.24,24.36,23.68,23.88,65344000,23.13
GE,2015-08-31,24.98,24.98,24.58,24.82,37006800,24.04
GE,2015-08-28,24.92,25.17,24.78,25.16,32942500,24.37
GE,2015-08-27,24.43,25.01,24.38,25.01,64894200,24.23
GE,2015-08-26,23.85,24.07,23.27,24.01,78965900,23.26
GE,2015-08-25,24.73,24.74,23.27,23.27,60778000,22.54
GE,2015-08-24,22.84,24.04,19.37,23.87,91236500,23.12
GE,2015-08-21,24.90,25.13,24.56,24.59,65101900,23.82
GE,2015-08-20,25.51,25.64,25.18,25.19,34645800,24.40
GE,2015-08-19,25.90,26.03,25.62,25.73,29149900,24.92
GE,2015-08-18,26.17,26.21,25.94,26.07,20348800,25.25
GE,2015-08-17,25.95,26.24,25.80,26.21,19223700,25.39
GE,2015-08-14,25.65,26.10,25.62,26.08,20786300,25.26
GE,2015-08-13,25.77,25.91,25.62,25.79,16418700,24.98
GE,2015-08-12,25.54,25.88,25.35,25.86,31474800,25.05
GE,2015-08-11,26.03,26.03,25.64,25.71,28235300,24.90
GE,2015-08-10,25.90,26.30,25.90,26.24,23479200,25.42
GE,2015-08-07,25.95,26.06,25.61,25.79,25916200,24.98
GE,2015-08-06,26.15,26.18,25.96,26.03,17298200,25.21
GE,2015-08-05,26.09,26.33,26.03,26.10,25471400,25.28
GE,2015-08-04,25.89,26.06,25.83,25.90,21985200,25.09
GE,2015-08-03,26.12,26.13,25.60,25.87,32580300,25.06
GE,2015-07-31,26.23,26.29,26.05,26.10,23197500,25.28
GE,2015-07-30,26.23,26.24,26.01,26.12,22118900,25.30
GE,2015-07-29,26.09,26.28,26.05,26.26,23987900,25.44
GE,2015-07-28,26.10,26.24,25.95,26.10,27758300,25.28
GE,2015-07-27,25.54,25.98,25.52,25.95,36277000,25.14
GE,2015-07-24,26.31,26.32,25.67,25.75,31124200,24.94
GE,2015-07-23,26.58,26.60,26.20,26.26,23201200,25.44
GE,2015-07-22,26.88,26.96,26.57,26.63,24133400,25.79
GE,2015-07-21,27.01,27.15,26.80,26.85,29282300,26.01
GOOG,2016-07-20,737.33,742.13,737.10,741.19,1278100,741.19
GOOG,2016-07-19,729.89,736.99,729.00,736.96,1222600,736.96
GOOG,2016-07-18,722.71,736.13,721.19,733.78,1283300,733.78
GOOG,2016-07-15,725.73,725.74,719.05,719.85,1275000,719.85
GOOG,2016-07-14,721.58,722.21,718.03,720.95,949100,720.95
GOOG,2016-07-13,723.62,724.00,716.85,716.98,933100,716.98
GOOG,2016-07-12,719.12,722.94,715.91,720.64,1326200,720.64
GOOG,2016-07-11,708.05,716.51,707.24,715.09,1104500,715.09
GOOG,2016-07-08,699.50,705.71,696.43,705.63,1571400,705.63
GOOG,2016-07-07,698.08,698.20,688.22,695.36,1303100,695.36
GOOG,2016-07-06,689.98,701.68,689.09,697.77,1408600,697.77
GOOG,2016-07-05,696.06,696.94,688.88,694.95,1446100,694.95
GOOG,2016-07-01,692.20,700.65,692.13,699.21,1342700,699.21
GOOG,2016-06-30,685.47,692.32,683.65,692.10,1590500,692.10
GOOG,2016-06-29,683.00,687.43,681.41,684.11,1928500,684.11
GOOG,2016-06-28,678.97,680.33,673.00,680.04,2116600,680.04
GOOG,2016-06-27,671.00,672.30,663.28,668.26,2629000,668.26
GOOG,2016-06-24,675.17,689.40,673.45,675.22,4399800,675.22
GOOG,2016-06-23,697.45,701.95,687.00,701.87,2157400,701.87
GOOG,2016-06-22,699.06,700.86,693.08,697.46,1179300,697.46
GOOG,2016-06-21,698.40,702.77,692.01,695.94,1464300,695.94
GOOG,2016-06-20,698.77,702.48,693.41,693.71,2071400,693.71
GOOG,2016-06-17,708.65,708.82,688.45,691.72,3396800,691.72
GOOG,2016-06-16,714.91,716.65,703.26,710.36,1980200,710.36
GOOG,2016-06-15,719.00,722.98,717.31,718.92,1208900,718.92
GOOG,2016-06-14,716.48,722.47,713.12,718.27,1302100,718.27
GOOG,2016-06-13,716.51,725.44,716.51,718.36,1252800,718.36
GOOG,2016-06-10,719.47,725.89,716.43,719.41,1206000,719.41
GOOG,2016-06-09,722.87,729.54,722.34,728.58,985900,728.58
GOOG,2016-06-08,723.96,728.57,720.58,728.28,1582100,728.28
GOOG,2016-06-07,719.84,721.98,716.55,716.65,1336200,716.65
GOOG,2016-06-06,724.91,724.91,714.61,716.55,1565300,716.55
GOOG,2016-06-03,729.27,729.49,720.56,722.34,1222700,722.34
GOOG,2016-06-02,732.50,733.02,724.17,730.40,1337600,730.40
GOOG,2016-06-01,734.53,737.21,730.66,734.15,1250800,734.15
GOOG,2016-05-31,731.74,739.73,731.26,735.72,2119900,735.72
GOOG,2016-05-27,724.01,733.94,724.00,732.66,1974000,732.66
GOOG,2016-05-26,722.87,728.33,720.28,724.12,1542900,724.12
GOOG,2016-05-25,720.76,727.51,719.71,725.27,1629200,725.27
GOOG,2016-05-24,706.86,720.97,706.86,720.09,1920400,720.09
GOOG,2016-05-23,706.53,711.48,704.18,704.24,1320900,704.24
GOOG,2016-05-20,701.62,714.58,700.52,709.74,1816000,709.74
GOOG,2016-05-19,702.36,706.00,696.80,700.32,1656300,700.32
GOOG,2016-05-18,703.67,711.60,700.63,706.63,1763400,706.63
GOOG,2016-05-17,715.99,721.52,704.11,706.23,1999500,706.23
GOOG,2016-05-16,709.13,718.48,705.65,716.49,1316200,716.49
GOOG,2016-05-13,711.93,716.66,709.26,710.83,1307300,710.83
GOOG,2016-05-12,717.06,719.25,709.00,713.31,1360700,713.31
GOOG,2016-05-11,723.41,724.48,712.80,715.29,1686800,715.29
GOOG,2016-05-10,716.75,723.50,715.72,723.18,1563100,723.18
GOOG,2016-05-09,712.00,718.71,710.00,712.90,1508400,712.90
GOOG,2016-05-06,698.38,711.86,698.11,711.12,1826100,711.12
GOOG,2016-05-05,697.70,702.32,695.72,701.43,1677400,701.43
GOOG,2016-05-04,690.49,699.75,689.01,695.70,1688600,695.70
GOOG,2016-05-03,696.87,697.84,692.00,692.36,1531000,692.36
GOOG,2016-05-02,697.63,700.64,691.00,698.21,1644100,698.21
GOOG,2016-04-29,690.70,697.62,689.00,693.01,2484300,693.01
GOOG,2016-04-28,708.26,714.17,689.55,691.02,2851100,691.02
GOOG,2016-04-27,707.29,708.98,692.36,705.84,3086700,705.84
GOOG,2016-04-26,725.42,725.77,703.03,708.14,2727200,708.14
GOOG,2016-04-25,716.10,723.93,715.59,723.15,1955600,723.15
GOOG,2016-04-22,726.30,736.12,713.61,718.77,5939200,718.77
GOOG,2016-04-21,755.38,760.45,749.55,759.14,2742500,759.14
GOOG,2016-04-20,758.00,758.13,750.01,752.67,1525600,752.67
GOOG,2016-04-19,769.51,769.90,749.33,753.93,2027600,753.93
GOOG,2016-04-18,760.46,768.05,757.30,766.61,1558800,766.61
GOOG,2016-04-15,753.98,761.00,752.69,759.00,1809300,759.00
GOOG,2016-04-14,754.01,757.31,752.71,753.20,1135300,753.20
GOOG,2016-04-13,749.16,754.38,744.26,751.72,1707100,751.72
GOOG,2016-04-12,738.00,743.83,731.01,743.09,1353000,743.09
GOOG,2016-04-11,743.02,745.00,736.05,736.10,1220100,736.10
GOOG,2016-04-08,743.97,745.45,735.55,739.15,1290800,739.15
GOOG,2016-04-07,745.37,747.00,736.28,740.28,1453200,740.28
GOOG,2016-04-06,735.77,746.24,735.56,745.69,1053700,745.69
GOOG,2016-04-05,738.00,742.80,735.37,737.80,1132300,737.80
GOOG,2016-04-04,750.06,752.80,742.43,745.29,1134200,745.29
GOOG,2016-04-01,738.60,750.34,737.00,749.91,1576700,749.91
GOOG,2016-03-31,749.25,750.85,740.94,744.95,1718800,744.95
GOOG,2016-03-30,750.10,757.88,748.74,750.53,1782400,750.53
GOOG,2016-03-29,734.59,747.25,728.76,744.77,1903800,744.77
GOOG,2016-03-28,736.79,738.99,732.50,733.53,1301300,733.53
GOOG,2016-03-24,732.01,737.75,731.00,735.30,1594900,735.30
GOOG,2016-03-23,742.36,745.72,736.15,738.06,1432100,738.06
GOOG,2016-03-22,737.46,745.00,737.46,740.75,1269700,740.75
GOOG,2016-03-21,736.50,742.50,733.52,742.09,1836500,742.09
GOOG,2016-03-18,741.86,742.00,731.83,737.60,2980700,737.60
GOOG,2016-03-17,736.45,743.07,736.00,737.78,1860800,737.78
GOOG,2016-03-16,726.37,737.47,724.51,736.09,1624400,736.09
GOOG,2016-03-15,726.92,732.29,724.77,728.33,1721000,728.33
GOOG,2016-03-14,726.81,735.50,725.15,730.49,1718300,730.49
GOOG,2016-03-11,720.00,726.92,717.13,726.82,1970800,726.82
GOOG,2016-03-10,708.12,716.44,703.36,712.82,2833500,712.82
GOOG,2016-03-09,698.47,705.68,694.00,705.24,1421500,705.24
GOOG,2016-03-08,688.59,703.79,685.34,693.97,2076300,693.97
GOOG,2016-03-07,706.90,708.09,686.90,695.16,2985100,695.16
GOOG,2016-03-04,714.99,716.49,706.02,710.89,1972100,710.89
GOOG,2016-03-03,718.68,719.45,706.02,712.42,1958000,712.42
GOOG,2016-03-02,719.00,720.00,712.00,718.85,1629000,718.85
GOOG,2016-03-01,703.62,718.81,699.77,718.81,2151400,718.81
GOOG,2016-02-29,700.32,710.89,697.68,697.77,2481100,697.77
GOOG,2016-02-26,708.58,713.43,700.86,705.07,2243500,705.07
GOOG,2016-02-25,700.01,705.98,690.59,705.75,1642200,705.75
GOOG,2016-02-24,688.92,700.00,680.78,699.56,1963600,699.56
GOOG,2016-02-23,701.45,708.40,693.58,695.85,2009300,695.85
GOOG,2016-02-22,707.45,713.24,702.51,706.46,1949800,706.46
GOOG,2016-02-19,695.03,703.08,694.05,700.91,1589300,700.91
GOOG,2016-02-18,710.00,712.35,696.03,697.35,1883200,697.35
GOOG,2016-02-17,698.09,709.75,691.38,708.40,2492600,708.40
GOOG,2016-02-16,692.98,698.00,685.05,691.00,2520000,691.00
GOOG,2016-02-12,690.26,693.75,678.60,682.40,2141400,682.40
GOOG,2016-02-11,675.00,689.35,668.87,683.11,3024000,683.11
GOOG,2016-02-10,686.86,701.31,682.13,684.12,2638000,684.12
GOOG,2016-02-09,672.32,699.90,668.77,678.11,3608900,678.11
GOOG,2016-02-08,667.85,684.03,663.06,682.74,4247400,682.74
GOOG,2016-02-05,703.87,703.99,680.15,683.57,5105700,683.57
GOOG,2016-02-04,722.81,727.00,701.86,708.01,5168700,708.01
GOOG,2016-02-03,770.22,774.50,720.50,726.95,6171000,726.95
GOOG,2016-02-02,784.50,789.87,764.65,764.65,6348100,764.65
GOOG,2016-02-01,750.46,757.86,743.27,752.00,5139200,752.00
GOOG,2016-01-29,731.53,744.99,726.80,742.95,3474300,742.95
GOOG,2016-01-28,722.22,733.69,712.35,730.96,2676400,730.96
GOOG,2016-01-27,713.67,718.23,694.39,699.99,2194200,699.99
GOOG,2016-01-26,713.85,718.28,706.48,713.04,1331700,713.04
GOOG,2016-01-25,723.58,729.68,710.01,711.67,1711700,711.67
GOOG,2016-01-22,723.60,728.13,720.12,725.25,2011800,725.25
GOOG,2016-01-21,702.18,719.19,694.46,706.59,2412200,706.59
GOOG,2016-01-20,688.61,706.85,673.26,698.45,3445000,698.45
GOOG,2016-01-19,703.30,709.98,693.41,701.79,2268100,701.79
GOOG,2016-01-15,692.29,706.74,685.37,694.45,3592400,694.45
GOOG,2016-01-14,705.38,721.92,689.10,714.72,2225800,714.72
GOOG,2016-01-13,730.85,734.74,698.61,700.56,2501700,700.56
GOOG,2016-01-12,721.68,728.75,717.32,726.07,2024500,726.07
GOOG,2016-01-11,716.61,718.85,703.54,716.03,2090600,716.03
GOOG,2016-01-08,731.45,733.23,713.00,714.47,2450900,714.47
GOOG,2016-01-07,730.31,738.50,719.06,726.39,2963700,726.39
GOOG,2016-01-06,730.00,747.18,728.92,743.62,1947000,743.62
GOOG,2016-01-05,746.45,752.00,738.64,742.58,1950700,742.58
GOOG,2016-01-04,743.00,744.06,731.26,741.84,3272800,741.84
GOOG,2015-12-31,769.50,769.50,758.34,758.88,1489600,758.88
GOOG,2015-12-30,776.60,777.60,766.90,771.00,1293300,771.00
GOOG,2015-12-29,766.69,779.98,766.43,776.60,1765000,776.60
GOOG,2015-12-28,752.92,762.99,749.52,762.51,1515300,762.51
GOOG,2015-12-24,749.55,751.35,746.62,748.40,527200,748.40
GOOG,2015-12-23,753.47,754.21,744.00,750.31,1565900,750.31
GOOG,2015-12-22,751.65,754.85,745.53,750.00,1365400,750.00
GOOG,2015-12-21,746.13,750.00,740.00,747.77,1525700,747.77
GOOG,2015-12-18,746.51,754.13,738.15,739.31,3148700,739.31
GOOG,2015-12-17,762.42,762.68,749.00,749.43,1553400,749.43
GOOG,2015-12-16,750.00,760.59,739.43,758.09,1993300,758.09
GOOG,2015-12-15,753.00,758.08,743.01,743.40,2666200,743.40
GOOG,2015-12-14,741.79,748.73,724.17,747.77,2412500,747.77
GOOG,2015-12-11,741.16,745.71,736.75,738.87,2224400,738.87
GOOG,2015-12-10,752.85,755.85,743.83,749.46,1984900,749.46
GOOG,2015-12-09,759.17,764.23,737.00,751.61,2700000,751.61
GOOG,2015-12-08,757.89,764.80,754.20,762.37,1829500,762.37
GOOG,2015-12-07,767.77,768.73,755.09,763.25,1812300,763.25
GOOG,2015-12-04,753.10,768.49,750.00,766.81,2757300,766.81
GOOG,2015-12-03,766.01,768.99,745.63,752.54,2590600,752.54
GOOG,2015-12-02,768.90,775.96,758.96,762.38,2230400,762.38
GOOG,2015-12-01,747.11,768.95,746.70,767.04,2134600,767.04
GOOG,2015-11-30,748.81,754.93,741.27,742.60,2097600,742.60
GOOG,2015-11-27,748.46,753.41,747.49,750.26,838500,750.26
GOOG,2015-11-25,748.14,752.00,746.06,748.15,1122100,748.15
GOOG,2015-11-24,752.00,755.28,737.63,748.28,2333100,748.28
GOOG,2015-11-23,757.45,762.71,751.82,755.98,1414500,755.98
GOOG,2015-11-20,746.53,757.92,743.00,756.60,2212300,756.60
GOOG,2015-11-19,738.74,742.00,737.43,738.41,1327100,738.41
GOOG,2015-11-18,727.58,741.41,727.00,740.00,1684300,740.00
GOOG,2015-11-17,729.29,731.84,723.03,725.30,1510900,725.30
GOOG,2015-11-16,715.60,729.49,711.33,728.96,1905900,728.96
GOOG,2015-11-13,729.17,731.15,716.73,717.00,2075500,717.00
GOOG,2015-11-12,731.00,737.80,728.65,731.23,1837200,731.23
GOOG,2015-11-11,732.46,741.00,730.23,735.40,1366400,735.40
GOOG,2015-11-10,724.40,730.59,718.50,728.32,1608000,728.32
GOOG,2015-11-09,730.20,734.71,719.43,724.89,2069800,724.89
GOOG,2015-11-06,731.50,735.41,727.01,733.76,1511600,733.76
GOOG,2015-11-05,729.47,739.48,729.47,731.25,1861600,731.25
GOOG,2015-11-04,722.00,733.10,721.90,728.11,1706700,728.11
GOOG,2015-11-03,718.86,724.65,714.72,722.16,1565400,722.16
GOOG,2015-11-02,711.06,721.62,705.85,721.11,1886300,721.11
GOOG,2015-10-30,715.73,718.00,710.05,710.81,1908800,710.81
GOOG,2015-10-29,710.50,718.26,710.01,716.92,1456000,716.92
GOOG,2015-10-28,707.33,712.98,703.08,712.95,2178900,712.95
GOOG,2015-10-27,707.38,713.62,704.55,708.49,2245800,708.49
GOOG,2015-10-26,701.55,719.15,701.26,712.78,2716600,712.78
GOOG,2015-10-23,727.50,730.00,701.50,702.00,6653900,702.00
GOOG,2015-10-22,646.70,657.80,644.01,651.79,4071000,651.79
GOOG,2015-10-21,654.15,655.87,641.73,642.61,1791100,642.61
GOOG,2015-10-20,664.04,664.72,644.20,650.28,2490000,650.28
GOOG,2015-10-19,661.18,666.82,659.58,666.10,1477300,666.10
GOOG,2015-10-16,664.11,664.97,657.20,662.20,1611100,662.20
GOOG,2015-10-15,654.66,663.13,654.46,661.74,1885700,661.74
GOOG,2015-10-14,653.21,659.39,648.85,651.16,1415500,651.16
GOOG,2015-10-13,643.15,657.81,643.15,652.30,1807700,652.30
GOOG,2015-10-12,642.09,648.50,639.01,646.67,1275200,646.67
GOOG,2015-10-09,640.00,645.99,635.32,643.61,1648700,643.61
GOOG,2015-10-08,641.36,644.45,625.56,639.16,2182100,639.16
GOOG,2015-10-07,649.24,650.61,632.15,642.36,2092700,642.36
GOOG,2015-10-06,638.84,649.25,636.53,645.44,2166300,645.44
GOOG,2015-10-05,632.00,643.01,627.00,641.47,1803600,641.47
GOOG,2015-10-02,607.20,627.34,603.13,626.91,2684800,626.91
GOOG,2015-10-01,608.37,612.09,599.85,611.29,1867600,611.29
GOOG,2015-09-30,603.28,608.76,600.73,608.42,2413400,608.42
GOOG,2015-09-29,597.28,605.00,590.22,594.97,2309500,594.97
GOOG,2015-09-28,610.34,614.60,589.38,594.89,3127700,594.89
GOOG,2015-09-25,629.77,629.77,611.00,611.97,2174000,611.97
GOOG,2015-09-24,616.64,627.32,612.40,625.80,2240100,625.80
GOOG,2015-09-23,622.05,628.93,620.00,622.36,1470900,622.36
GOOG,2015-09-22,627.00,627.55,615.43,622.69,2562900,622.69
GOOG,2015-09-21,634.40,636.49,625.94,635.44,1788500,635.44
GOOG,2015-09-18,636.79,640.00,627.02,629.25,5133400,629.25
GOOG,2015-09-17,637.79,650.90,635.02,642.90,2274700,642.90
GOOG,2015-09-16,635.47,637.95,632.32,635.98,1286500,635.98
GOOG,2015-09-15,626.70,638.70,623.78,635.14,2084400,635.14
GOOG,2015-09-14,625.70,625.86,619.43,623.24,1702300,623.24
GOOG,2015-09-11,619.75,625.78,617.42,625.77,1373500,625.77
GOOG,2015-09-10,613.10,624.16,611.43,621.35,1905300,621.35
GOOG,2015-09-09,621.22,626.52,609.60,612.72,1702100,612.72
GOOG,2015-09-08,612.49,616.31,604.12,614.66,2279500,614.66
GOOG,2015-09-04,600.00,603.47,595.25,600.70,2089000,600.70
GOOG,2015-09-03,617.00,619.71,602.82,606.25,1759600,606.25
GOOG,2015-09-02,605.59,614.34,599.71,614.34,2575600,614.34
GOOG,2015-09-01,602.36,612.86,594.10,597.79,3702100,597.79
GOOG,2015-08-31,627.54,635.80,617.68,618.25,2176700,618.25
GOOG,2015-08-28,632.82,636.88,624.56,630.38,1978700,630.38
GOOG,2015-08-27,639.40,643.59,622.00,637.61,3491300,637.61
GOOG,2015-08-26,610.35,631.71,599.05,628.62,4235900,628.62
GOOG,2015-08-25,614.91,617.45,581.11,582.06,3538000,582.06
GOOG,2015-08-24,573.00,599.33,565.05,589.61,5770300,589.61
GOOG,2015-08-21,639.78,640.05,612.33,612.48,4265200,612.48
GOOG,2015-08-20,655.46,662.99,642.90,646.83,2855300,646.83
GOOG,2015-08-19,656.60,667.00,654.19,660.90,2131600,660.90
GOOG,2015-08-18,661.90,664.00,653.46,656.13,1456100,656.13
GOOG,2015-08-17,656.80,661.38,651.24,660.87,1051700,660.87
GOOG,2015-08-14,655.01,659.85,652.66,657.12,1072100,657.12
GOOG,2015-08-13,659.32,664.50,651.66,656.45,1810700,656.45
GOOG,2015-08-12,663.08,665.00,652.29,659.56,2936700,659.56
GOOG,2015-08-11,669.20,674.90,654.27,660.78,5029200,660.78
GOOG,2015-08-10,639.48,643.44,631.25,633.73,1809200,633.73
GOOG,2015-08-07,640.23,642.68,629.71,635.30,1403900,635.30
GOOG,2015-08-06,645.00,645.38,632.25,642.68,1572600,642.68
GOOG,2015-08-05,634.33,647.86,633.16,643.78,2334300,643.78
GOOG,2015-08-04,628.42,634.81,627.16,629.25,1490900,629.25
GOOG,2015-08-03,625.34,633.06,625.34,631.21,1304500,631.21
GOOG,2015-07-31,631.38,632.91,625.50,625.61,1706100,625.61
GOOG,2015-07-30,630.00,635.22,622.05,632.59,1474200,632.59
GOOG,2015-07-29,628.80,633.36,622.65,631.93,1575100,631.93
GOOG,2015-07-28,632.83,632.83,623.31,628.00,1727300,628.00
GOOG,2015-07-27,621.00,634.30,620.50,627.26,2675400,627.26
GOOG,2015-07-24,647.00,648.17,622.52,623.56,3625700,623.56
GOOG,2015-07-23,661.27,663.63,641.00,644.28,3029100,644.28
GOOG,2015-07-22,660.89,678.64,659.00,662.10,3929300,662.10
GOOG,2015-07-21,655.21,673.00,654.30,662.30,3377200,662.30
X,2016-07-20,20.29,20.55,19.69,20.38,13976500,20.38
X,2016-07-19,21.22,21.24,20.55,20.92,12789000,20.92
X,2016-07-18,21.48,21.77,21.16,21.72,7523200,21.72
X,2016-07-15,21.12,21.90,21.10,21.68,8722400,21.68
X,2016-07-14,21.27,21.50,20.69,21.28,12744900,21.28
X,2016-07-13,21.35,21.39,20.47,21.12,13538200,21.12
X,2016-07-12,20.56,21.25,20.28,21.11,19550900,21.11
X,2016-07-11,19.37,20.13,19.37,20.01,14118000,20.01
X,2016-07-08,18.44,19.09,18.23,19.03,14264500,19.03
X,2016-07-07,18.09,18.68,17.82,18.10,12454000,18.10
X,2016-07-06,17.84,18.07,17.42,17.95,11744100,17.95
X,2016-07-05,18.04,18.18,17.34,17.64,12512900,17.64
X,2016-07-01,16.70,18.42,16.70,18.27,22996500,18.27
X,2016-06-30,16.12,16.88,15.84,16.86,14508800,16.86
X,2016-06-29,16.19,16.33,15.86,15.97,11927900,15.97
X,2016-06-28,15.63,16.11,15.27,15.81,13020900,15.81
X,2016-06-27,15.95,16.17,14.80,15.15,12967600,15.15
X,2016-06-24,16.85,17.60,15.91,15.99,21689400,15.99
X,2016-06-23,17.55,18.08,17.28,18.04,11882600,18.04
X,2016-06-22,17.64,17.78,16.81,17.12,12520600,17.12
X,2016-06-21,18.14,18.20,16.94,17.40,16786600,17.40
X,2016-06-20,18.30,18.71,18.10,18.30,12217500,18.30
X,2016-06-17,18.00,18.59,17.87,17.98,19177000,17.98
X,2016-06-16,17.50,17.90,17.01,17.87,12836000,17.87
X,2016-06-15,17.00,17.91,17.00,17.64,16313100,17.64
X,2016-06-14,16.96,17.22,16.02,16.34,15358500,16.34
X,2016-06-13,17.12,17.61,16.88,17.10,13040500,17.10
X,2016-06-10,17.10,17.59,16.86,17.27,13716700,17.27
X,2016-06-09,17.30,17.65,16.89,17.44,14874300,17.44
X,2016-06-08,16.63,17.92,16.55,17.70,26199300,17.70
X,2016-06-07,15.91,16.20,15.78,15.93,10732900,15.93
X,2016-06-06,15.51,16.05,15.50,16.01,15026500,16.01
X,2016-06-03,15.12,15.68,15.02,15.28,19102900,15.28
X,2016-06-02,14.04,14.97,13.95,14.87,14881400,14.87
X,2016-06-01,14.27,14.40,13.72,14.07,14640800,14.07
X,2016-05-31,14.65,15.19,14.37,14.47,16711900,14.47
X,2016-05-27,14.82,15.09,14.14,14.38,13543200,14.38
X,2016-05-26,15.20,15.35,14.51,14.75,19571200,14.75
X,2016-05-25,13.77,14.33,13.68,14.28,14940900,14.28
X,2016-05-24,13.87,14.20,13.47,13.55,12130100,13.55
X,2016-05-23,13.07,14.08,13.00,13.82,13913300,13.82
X,2016-05-20,13.74,13.89,13.14,13.36,15812600,13.36
X,2016-05-19,13.07,13.88,12.77,13.46,20007900,13.46
X,2016-05-18,14.08,14.08,13.17,13.25,18869700,13.25
X,2016-05-17,14.50,14.68,13.83,14.13,20119600,14.13
X,2016-05-16,14.39,15.30,14.11,14.17,22137000,14.17
X,2016-05-13,14.64,14.75,13.93,13.98,18956200,13.98
X,2016-05-12,16.67,16.73,14.77,14.81,23764200,14.81
X,2016-05-11,16.53,16.97,16.08,16.52,13961900,16.52
X,2016-05-10,16.23,16.64,15.65,16.61,21353200,16.61
X,2016-05-09,17.98,18.02,16.16,16.23,21687500,16.23
X,2016-05-06,18.61,19.49,18.32,18.89,15855100,18.84
X,2016-05-05,19.15,19.60,18.68,18.95,14469400,18.90
X,2016-05-04,18.56,19.66,18.22,18.90,16557200,18.85
X,2016-05-03,19.83,19.83,18.46,18.95,22359500,18.90
X,2016-05-02,19.20,20.43,18.78,20.30,18545200,20.25
X,2016-04-29,18.66,19.48,18.55,19.11,16909900,19.06
X,2016-04-28,18.64,19.97,18.30,18.36,20218300,18.31
X,2016-04-27,17.57,18.64,16.95,18.52,20955600,18.47
X,2016-04-26,18.33,18.86,17.46,18.49,15920200,18.44
X,2016-04-25,19.34,19.56,17.95,18.25,16332300,18.20
X,2016-04-22,19.43,20.40,19.34,19.56,13452400,19.51
X,2016-04-21,19.82,20.04,18.94,19.66,18298100,19.61
X,2016-04-20,20.21,20.55,19.62,19.83,20167300,19.78
X,2016-04-19,19.68,20.49,19.66,20.04,16312800,19.99
X,2016-04-18,18.89,19.66,18.75,19.33,10614500,19.28
X,2016-04-15,18.64,19.33,18.48,19.24,13756200,19.19
X,2016-04-14,19.10,19.29,18.38,18.87,16227000,18.82
X,2016-04-13,18.01,19.33,17.97,19.02,22690800,18.97
X,2016-04-12,17.37,17.86,17.06,17.62,14218300,17.57
X,2016-04-11,16.73,17.71,16.54,17.33,16068500,17.28
X,2016-04-08,16.08,16.54,15.73,16.51,14819700,16.47
X,2016-04-07,16.54,16.80,15.90,16.01,15894500,15.97
X,2016-04-06,16.43,16.88,16.06,16.80,15021500,16.76
X,2016-04-05,16.24,16.88,16.23,16.24,15256900,16.20
X,2016-04-04,16.50,16.97,16.00,16.13,13334900,16.09
X,2016-04-01,15.78,16.55,15.53,16.55,13176000,16.51
X,2016-03-31,16.42,17.04,15.88,16.05,14816900,16.01
X,2016-03-30,16.18,16.76,15.85,16.46,19427700,16.42
X,2016-03-29,15.20,16.17,14.94,16.12,17537000,16.08
X,2016-03-28,15.81,16.00,15.05,15.57,13858300,15.53
X,2016-03-24,14.45,15.84,14.02,15.78,17526600,15.74
X,2016-03-23,15.25,16.16,14.75,14.84,18901900,14.80
X,2016-03-22,14.85,15.79,14.59,15.59,11790800,15.55
X,2016-03-21,15.20,15.47,14.67,15.15,16292400,15.11
X,2016-03-18,15.80,16.26,15.44,15.76,24295600,15.72
X,2016-03-17,15.60,15.79,14.70,15.42,23597200,15.38
X,2016-03-16,14.16,15.77,14.13,15.45,25296500,15.41
X,2016-03-15,14.14,15.10,13.77,14.28,23056600,14.24
X,2016-03-14,14.27,15.12,14.11,14.57,23290300,14.53
X,2016-03-11,14.59,15.20,13.88,14.53,30550900,14.49
X,2016-03-10,11.93,14.37,11.92,14.37,29120200,14.33
X,2016-03-09,12.53,13.05,11.67,12.53,18448400,12.50
X,2016-03-08,13.03,13.32,11.95,12.35,22319500,12.32
X,2016-03-07,13.28,13.98,12.77,13.57,34508000,13.53
X,2016-03-04,12.49,14.54,12.25,12.98,51123700,12.95
X,2016-03-03,11.29,12.63,11.25,12.35,44950900,12.32
X,2016-03-02,9.60,11.49,9.51,11.35,36495900,11.32
X,2016-03-01,9.35,9.35,8.52,9.19,16057400,9.17
X,2016-02-29,8.54,9.24,8.41,9.12,17390300,9.10
X,2016-02-26,8.03,8.50,7.99,8.31,12027800,8.29
X,2016-02-25,7.70,8.05,7.43,7.86,11273100,7.84
X,2016-02-24,7.68,7.79,7.22,7.73,11350500,7.71
X,2016-02-23,8.25,8.30,7.85,8.04,8939900,8.02
X,2016-02-22,8.32,8.80,8.32,8.48,8064700,8.46
X,2016-02-19,8.22,8.41,7.89,8.10,7879700,8.08
X,2016-02-18,8.59,8.63,8.03,8.32,7897300,8.30
X,2016-02-17,7.60,8.75,7.58,8.56,18600500,8.54
X,2016-02-16,7.50,7.70,7.17,7.49,7970700,7.47
X,2016-02-12,7.08,7.55,6.94,7.40,9648900,7.38
X,2016-02-11,6.85,6.98,6.67,6.83,9564700,6.81
X,2016-02-10,7.36,7.63,7.08,7.08,5336400,7.06
X,2016-02-09,7.47,7.52,7.05,7.34,9823900,7.32
X,2016-02-08,7.70,8.20,7.63,7.77,5996000,7.70
X,2016-02-05,8.18,8.52,7.74,7.94,9571700,7.87
X,2016-02-04,7.80,8.68,7.80,8.24,14581000,8.17
X,2016-02-03,7.40,7.80,7.16,7.53,10064400,7.46
X,2016-02-02,7.10,7.40,7.02,7.09,4798700,7.03
X,2016-02-01,6.71,7.35,6.68,7.26,8632700,7.19
X,2016-01-29,6.63,7.02,6.57,7.00,8390600,6.94
X,2016-01-28,6.62,6.86,6.15,6.69,11820700,6.63
X,2016-01-27,7.00,7.00,6.52,6.67,22211800,6.61
X,2016-01-26,6.92,7.79,6.92,7.77,13145600,7.70
X,2016-01-25,7.35,7.40,6.87,6.92,8468000,6.86
X,2016-01-22,7.61,7.80,7.12,7.24,8487800,7.17
X,2016-01-21,7.19,7.53,6.99,7.32,9955100,7.25
X,2016-01-20,6.93,7.30,6.70,7.10,11287600,7.04
X,2016-01-19,7.18,7.30,6.75,7.21,6964800,7.14
X,2016-01-15,6.91,7.00,6.56,6.89,8208200,6.83
X,2016-01-14,6.83,7.30,6.66,7.30,10607100,7.23
X,2016-01-13,7.02,7.16,6.53,6.74,8705100,6.68
X,2016-01-12,6.98,7.11,6.43,6.89,14025000,6.83
X,2016-01-11,7.12,7.25,6.69,6.82,9994500,6.76
X,2016-01-08,7.50,7.64,7.04,7.04,10150400,6.98
X,2016-01-07,7.70,7.77,7.20,7.30,10991000,7.23
X,2016-01-06,8.05,8.13,7.85,7.93,9559000,7.86
X,2016-01-05,8.14,8.25,7.89,8.22,7514900,8.15
X,2016-01-04,7.85,8.14,7.62,8.14,9349800,8.07
X,2015-12-31,8.09,8.26,7.96,7.98,7622100,7.91
X,2015-12-30,8.11,8.47,8.05,8.14,7291000,8.07
X,2015-12-29,8.41,8.47,7.90,8.20,7524600,8.13
X,2015-12-28,8.50,8.51,8.15,8.30,7293400,8.22
X,2015-12-24,8.77,8.93,8.58,8.63,7966000,8.55
X,2015-12-23,9.50,9.58,8.55,8.66,21724800,8.58
X,2015-12-22,8.38,9.21,8.11,9.10,12510500,9.02
X,2015-12-21,8.07,8.60,7.82,8.42,12678100,8.34
X,2015-12-18,7.55,8.09,7.50,8.01,13664200,7.94
X,2015-12-17,8.06,8.22,7.37,7.43,16412700,7.36
X,2015-12-16,8.48,8.55,8.08,8.31,9139100,8.23
X,2015-12-15,8.03,8.73,8.00,8.48,10853300,8.40
X,2015-12-14,8.16,8.45,7.73,7.85,9244400,7.78
X,2015-12-11,8.53,8.59,8.08,8.25,11860200,8.18
X,2015-12-10,7.88,9.12,7.84,8.83,19749300,8.75
X,2015-12-09,7.23,7.95,7.17,7.88,13998500,7.81
X,2015-12-08,6.88,7.24,6.80,7.09,7981100,7.03
X,2015-12-07,7.60,7.63,7.02,7.09,9532100,7.03
X,2015-12-04,7.78,7.91,7.61,7.77,7042600,7.70
X,2015-12-03,7.80,8.00,7.65,7.78,7553200,7.71
X,2015-12-02,8.00,8.05,7.67,7.74,7386200,7.67
X,2015-12-01,8.06,8.25,8.00,8.09,6584500,8.02
X,2015-11-30,8.09,8.18,7.85,8.07,6230500,8.00
X,2015-11-27,8.18,8.21,7.96,8.08,2988900,8.01
X,2015-11-25,8.10,8.43,7.85,8.23,9074100,8.16
X,2015-11-24,7.63,8.20,7.50,8.10,26936800,8.03
X,2015-11-23,8.68,8.75,7.94,8.00,15618500,7.93
X,2015-11-20,9.69,9.73,8.63,8.70,18521400,8.62
X,2015-11-19,9.63,9.89,9.46,9.63,9021400,9.54
X,2015-11-18,9.59,9.83,9.46,9.70,6910800,9.61
X,2015-11-17,9.82,9.89,9.33,9.45,9345200,9.36
X,2015-11-16,9.75,10.17,9.65,9.81,5890500,9.72
X,2015-11-13,9.78,9.94,9.42,9.75,8461200,9.66
X,2015-11-12,9.94,10.02,9.61,9.68,10373400,9.59
X,2015-11-11,10.94,10.97,10.01,10.12,9352500,10.03
X,2015-11-10,10.42,10.89,10.30,10.81,7101300,10.71
X,2015-11-09,10.84,10.98,10.45,10.51,7152300,10.37
X,2015-11-06,10.31,10.99,10.25,10.91,11750400,10.76
X,2015-11-05,10.90,10.90,10.35,10.39,12090700,10.25
X,2015-11-04,11.88,11.94,11.02,11.06,21595400,10.91
X,2015-11-03,12.89,13.48,12.43,12.94,22582400,12.76
X,2015-11-02,11.70,12.82,11.64,12.82,13827700,12.64
X,2015-10-30,11.37,11.83,11.10,11.68,8140500,11.52
X,2015-10-29,10.90,11.35,10.88,11.25,6315500,11.09
X,2015-10-28,10.64,11.44,10.48,11.02,9280800,10.87
X,2015-10-27,10.57,10.89,10.23,10.71,7967900,10.56
X,2015-10-26,11.53,11.65,10.63,10.63,8855000,10.48
X,2015-10-23,11.82,11.82,11.32,11.73,7827300,11.57
X,2015-10-22,10.99,11.40,10.94,11.29,9286000,11.13
X,2015-10-21,11.49,11.53,10.81,10.85,6760800,10.70
X,2015-10-20,12.00,12.01,11.32,11.39,9566000,11.23
X,2015-10-19,12.31,12.38,12.03,12.06,3679800,11.89
X,2015-10-16,12.60,12.60,12.00,12.48,6461500,12.31
X,2015-10-15,12.16,12.56,12.00,12.53,6454300,12.36
X,2015-10-14,12.07,12.35,11.75,12.18,6818200,12.01
X,2015-10-13,11.50,12.32,11.50,11.87,7295000,11.71
X,2015-10-12,12.54,12.60,11.50,11.69,8035300,11.53
X,2015-10-09,12.95,13.08,12.14,12.38,11673200,12.21
X,2015-10-08,12.21,12.80,11.91,12.62,8944600,12.45
X,2015-10-07,12.30,12.90,11.88,12.29,17914200,12.12
X,2015-10-06,11.55,11.92,11.18,11.80,12147400,11.64
X,2015-10-05,10.82,11.59,10.71,11.43,16756100,11.27
X,2015-10-02,9.85,10.62,9.66,10.55,14189600,10.40
X,2015-10-01,10.33,10.64,9.80,9.91,12959000,9.77
X,2015-09-30,10.58,10.77,10.21,10.42,10786600,10.28
X,2015-09-29,10.29,10.75,10.12,10.45,12722600,10.31
X,2015-09-28,10.48,10.51,10.02,10.20,14212400,10.06
X,2015-09-25,11.58,11.65,10.75,10.79,14393300,10.64
X,2015-09-24,11.03,11.70,10.90,11.48,16144500,11.32
X,2015-09-23,11.91,11.93,11.16,11.23,12552800,11.08
X,2015-09-22,12.50,12.69,11.81,11.82,15861700,11.66
X,2015-09-21,13.26,13.29,12.78,12.90,12925800,12.72
X,2015-09-18,13.63,13.67,13.07,13.22,14570400,13.04
X,2015-09-17,13.65,14.28,13.53,13.79,11420800,13.60
X,2015-09-16,13.61,14.07,13.32,13.73,10068500,13.54
X,2015-09-15,13.55,13.76,13.40,13.54,7710300,13.35
X,2015-09-14,13.96,14.03,13.38,13.59,9238500,13.40
X,2015-09-11,14.39,14.55,13.91,14.10,8972000,13.91
X,2015-09-10,14.67,14.75,14.20,14.46,11891000,14.26
X,2015-09-09,15.17,15.30,14.12,14.69,15556400,14.49
X,2015-09-08,15.39,15.49,14.70,14.95,12606300,14.74
X,2015-09-04,15.64,15.84,15.04,15.06,10003900,14.85
X,2015-09-03,16.49,16.64,15.72,15.93,9149300,15.71
X,2015-09-02,16.53,16.53,15.76,16.33,8413100,16.10
X,2015-09-01,15.83,16.40,15.75,15.89,8686700,15.67
X,2015-08-31,16.52,16.84,16.14,16.38,10080200,16.15
X,2015-08-28,16.69,17.72,16.36,16.78,12793800,16.55
X,2015-08-27,15.04,16.95,14.87,16.89,18696700,16.66
X,2015-08-26,14.59,14.81,14.19,14.60,12334600,14.40
X,2015-08-25,16.05,16.06,14.25,14.33,17657500,14.13
X,2015-08-24,14.80,16.18,14.54,15.24,13164300,15.03
X,2015-08-21,16.30,16.54,15.85,15.91,13663100,15.69
X,2015-08-20,17.06,17.15,16.60,16.91,10511600,16.68
X,2015-08-19,18.20,18.30,17.01,17.03,12805200,16.80
X,2015-08-18,18.64,18.85,18.42,18.46,6828000,18.21
X,2015-08-17,19.14,19.45,18.91,19.00,5402100,18.74
X,2015-08-14,19.07,19.48,18.91,19.27,4771300,19.00
X,2015-08-13,18.78,19.41,18.61,19.11,7695200,18.85
X,2015-08-12,19.17,19.29,18.41,19.14,14294500,18.88
X,2015-08-11,20.25,20.63,19.25,19.48,14155100,19.21
X,2015-08-10,20.64,21.49,19.99,21.39,9863600,21.10
X,2015-08-07,20.60,21.15,20.18,20.53,9686800,20.20
X,2015-08-06,19.64,20.73,19.47,20.65,10004500,20.32
X,2015-08-05,20.17,20.75,19.71,19.87,11732200,19.55
X,2015-08-04,20.04,20.33,19.42,19.60,11278900,19.28
X,2015-08-03,19.27,19.85,19.02,19.79,11685100,19.47
X,2015-07-31,20.22,20.46,19.27,19.47,14955300,19.15
X,2015-07-30,20.26,20.67,19.31,20.09,23033300,19.76
X,2015-07-29,18.29,20.18,18.27,20.04,29629100,19.72
X,2015-07-28,17.15,17.75,16.83,17.73,14931600,17.44
X,2015-07-27,16.25,16.97,15.68,16.80,13607700,16.53
X,2015-07-24,16.90,16.96,16.18,16.25,12220800,15.99
X,2015-07-23,17.25,17.77,16.90,16.97,10516300,16.70
X,2015-07-22,17.46,17.46,16.81,17.19,8892600,16.91
X,2015-07-21,17.70,18.39,17.56,17.70,8361100,17.41
YHOO,2016-07-20,38.36,38.93,38.26,38.90,8150800,38.90
YHOO,2016-07-19,37.77,38.49,37.65,38.17,10378500,38.17
YHOO,2016-07-18,37.68,37.97,37.50,37.95,15840900,37.95
YHOO,2016-07-15,38.16,38.19,37.68,37.72,13497900,37.72
YHOO,2016-07-14,37.85,38.35,37.85,37.96,10704500,37.96
YHOO,2016-07-13,37.99,38.01,37.46,37.64,9319500,37.64
YHOO,2016-07-12,38.00,38.33,37.87,37.89,15184100,37.89
YHOO,2016-07-11,37.44,38.15,37.37,37.96,20339100,37.96
YHOO,2016-07-08,37.53,37.84,37.06,37.74,8782900,37.74
YHOO,2016-07-07,37.57,37.76,37.29,37.52,7830100,37.52
YHOO,2016-07-06,37.43,37.56,37.13,37.51,8066300,37.51
YHOO,2016-07-05,37.68,37.77,37.17,37.50,8476600,37.50
YHOO,2016-07-01,37.56,38.08,37.43,37.99,10596700,37.99
YHOO,2016-06-30,36.89,37.58,36.89,37.56,15055400,37.56
YHOO,2016-06-29,36.25,37.08,36.25,36.86,10800200,36.86
YHOO,2016-06-28,35.58,36.14,35.50,36.04,10864900,36.04
YHOO,2016-06-27,35.87,36.01,35.05,35.22,14108600,35.22
YHOO,2016-06-24,36.40,36.95,36.09,36.24,19353000,36.24
YHOO,2016-06-23,37.64,37.78,37.41,37.78,7092700,37.78
YHOO,2016-06-22,37.37,37.52,37.17,37.36,5857000,37.36
YHOO,2016-06-21,37.37,37.55,37.20,37.40,5571200,37.40
YHOO,2016-06-20,37.27,37.68,37.24,37.29,8930400,37.29
YHOO,2016-06-17,37.43,37.44,36.81,36.94,12579500,36.94
YHOO,2016-06-16,37.39,37.45,36.54,37.39,10162200,37.39
YHOO,2016-06-15,37.43,37.60,37.10,37.32,10193300,37.32
YHOO,2016-06-14,36.63,37.44,36.63,37.40,13014500,37.40
YHOO,2016-06-13,36.70,36.91,36.42,36.47,6509400,36.47
YHOO,2016-06-10,36.97,37.14,36.59,36.83,11176600,36.83
YHOO,2016-06-09,36.82,37.73,36.71,37.35,14731200,37.35
YHOO,2016-06-08,36.84,37.30,36.84,36.97,9179200,36.97
YHOO,2016-06-07,36.90,36.99,36.63,36.73,14745100,36.73
YHOO,2016-06-06,36.67,37.20,36.52,37.07,8423500,37.07
YHOO,2016-06-03,37.11,37.11,36.50,36.60,12048300,36.60
YHOO,2016-06-02,36.66,37.22,36.58,37.15,12155200,37.15
YHOO,2016-06-01,37.25,37.74,36.56,36.65,22138100,36.65
YHOO,2016-05-31,37.73,38.08,37.50,37.94,12807000,37.94
YHOO,2016-05-27,36.88,37.88,36.84,37.82,14642500,37.82
YHOO,2016-05-26,36.13,36.85,36.07,36.76,16277900,36.76
YHOO,2016-05-25,36.63,36.96,35.47,35.59,33984900,35.59
YHOO,2016-05-24,36.85,37.63,36.77,37.53,10601300,37.53
YHOO,2016-05-23,36.46,36.95,36.43,36.66,7768600,36.66
YHOO,2016-05-20,36.05,36.72,35.88,36.50,34311000,36.50
YHOO,2016-05-19,36.94,37.23,36.67,37.02,7096500,37.02
YHOO,2016-05-18,37.09,37.50,36.89,37.24,8465900,37.24
YHOO,2016-05-17,37.44,37.70,37.25,37.27,11335500,37.27
YHOO,2016-05-16,37.03,37.79,36.88,37.48,16976500,37.48
YHOO,2016-05-13,36.91,37.07,36.38,36.48,10996700,36.48
YHOO,2016-05-12,37.39,37.51,36.79,37.03,11169200,37.03
YHOO,2016-05-11,37.28,37.63,37.20,37.37,9997400,37.37
YHOO,2016-05-10,37.17,37.58,37.14,37.44,7171400,37.44
YHOO,2016-05-09,36.97,37.35,36.92,37.18,6149100,37.18
YHOO,2016-05-06,36.55,37.31,36.49,37.23,9208300,37.23
YHOO,2016-05-05,37.06,37.45,36.86,36.94,13699200,36.94
YHOO,2016-05-04,35.81,36.09,35.74,36.00,9649300,36.00
YHOO,2016-05-03,36.25,36.41,35.91,36.01,8775000,36.01
YHOO,2016-05-02,36.65,36.74,36.32,36.53,6581900,36.53
YHOO,2016-04-29,36.51,36.98,36.15,36.60,11954100,36.60
YHOO,2016-04-28,36.84,37.44,36.51,36.59,13148500,36.59
YHOO,2016-04-27,37.52,37.59,36.63,36.95,16391200,36.95
YHOO,2016-04-26,37.32,37.54,36.91,37.11,10059600,37.11
YHOO,2016-04-25,37.47,37.54,37.18,37.23,9823500,37.23
YHOO,2016-04-22,37.50,38.09,37.16,37.48,9071800,37.48
YHOO,2016-04-21,37.92,38.12,37.35,37.67,11633700,37.67
YHOO,2016-04-20,37.10,38.19,37.00,37.84,30758900,37.84
YHOO,2016-04-19,36.46,36.73,36.11,36.33,20014100,36.33
YHOO,2016-04-18,36.24,37.00,35.88,36.52,17723000,36.52
YHOO,2016-04-15,37.13,37.15,36.42,36.51,19016200,36.51
YHOO,2016-04-14,37.47,37.50,36.85,37.17,16609000,37.17
YHOO,2016-04-13,36.94,37.35,36.90,37.31,17158700,37.31
YHOO,2016-04-12,36.65,36.83,36.28,36.66,10439400,36.66
YHOO,2016-04-11,36.38,36.85,36.32,36.48,13709600,36.48
YHOO,2016-04-08,36.85,36.92,35.62,36.07,20251100,36.07
YHOO,2016-04-07,35.86,37.25,35.72,36.17,38653800,36.17
YHOO,2016-04-06,36.40,37.00,36.31,36.66,19418600,36.66
YHOO,2016-04-05,36.70,36.92,36.22,36.41,12439200,36.41
YHOO,2016-04-04,36.55,37.50,36.54,37.02,20210800,37.02
YHOO,2016-04-01,36.54,36.88,36.31,36.48,13650400,36.48
YHOO,2016-03-31,36.51,37.02,36.50,36.81,18666200,36.81
YHOO,2016-03-30,36.61,37.28,36.44,36.56,19836500,36.56
YHOO,2016-03-29,35.05,36.43,35.01,36.32,23166500,36.32
YHOO,2016-03-28,35.39,35.45,34.62,35.23,12976800,35.23
YHOO,2016-03-24,34.45,34.87,33.93,34.86,14101500,34.86
YHOO,2016-03-23,35.43,35.70,34.71,34.80,12192600,34.80
YHOO,2016-03-22,34.68,35.61,34.68,35.41,11272300,35.41
YHOO,2016-03-21,35.00,36.10,35.00,35.47,13279400,35.47
YHOO,2016-03-18,34.54,35.21,34.38,35.17,20490800,35.17
YHOO,2016-03-17,33.88,34.55,33.87,34.28,9334100,34.28
YHOO,2016-03-16,33.03,34.08,33.00,34.01,10975700,34.01
YHOO,2016-03-15,33.32,33.46,33.11,33.26,10660800,33.26
YHOO,2016-03-14,33.75,34.09,33.51,33.58,7960300,33.58
YHOO,2016-03-11,33.29,33.86,32.84,33.81,11682700,33.81
YHOO,2016-03-10,33.59,33.60,32.09,32.82,19452000,32.82
YHOO,2016-03-09,33.09,33.52,32.78,33.51,12647100,33.51
YHOO,2016-03-08,33.66,33.82,32.84,32.93,21007300,32.93
YHOO,2016-03-07,33.68,34.38,33.59,33.96,22924000,33.96
YHOO,2016-03-04,32.91,33.93,32.76,33.86,22915200,33.86
YHOO,2016-03-03,32.71,33.21,32.42,32.88,11355600,32.88
YHOO,2016-03-02,32.81,33.24,32.77,32.91,10458600,32.91
YHOO,2016-03-01,32.04,32.85,32.04,32.80,14833600,32.80
YHOO,2016-02-29,31.31,32.46,31.31,31.79,19208700,31.79
YHOO,2016-02-26,31.68,31.90,31.22,31.37,16680200,31.37
YHOO,2016-02-25,30.74,31.36,30.24,31.36,19842300,31.36
YHOO,2016-02-24,30.41,31.12,29.80,30.95,12612000,30.95
YHOO,2016-02-23,31.20,31.38,30.51,30.67,16847500,30.67
YHOO,2016-02-22,30.65,31.21,30.39,31.17,21455300,31.17
YHOO,2016-02-19,30.19,30.23,29.70,30.04,20706100,30.04
YHOO,2016-02-18,29.56,30.14,29.39,29.42,15259400,29.42
YHOO,2016-02-17,29.47,29.66,29.06,29.37,12891600,29.37
YHOO,2016-02-16,27.98,29.44,27.94,29.28,20127300,29.28
YHOO,2016-02-12,27.12,27.32,26.72,27.04,12986200,27.04
YHOO,2016-02-11,26.46,26.97,26.15,26.76,11154900,26.76
YHOO,2016-02-10,27.11,27.81,26.84,27.10,8933600,27.10
YHOO,2016-02-09,26.64,27.69,26.51,26.82,13919100,26.82
YHOO,2016-02-08,27.61,27.97,26.48,27.05,24473600,27.05
YHOO,2016-02-05,29.06,29.14,27.73,27.97,16077500,27.97
YHOO,2016-02-04,27.91,29.23,27.71,29.15,28517000,29.15
YHOO,2016-02-03,28.45,28.61,26.57,27.68,55527600,27.68
YHOO,2016-02-02,29.32,30.23,28.13,29.06,34022500,29.06
YHOO,2016-02-01,29.27,29.79,28.79,29.57,12865800,29.57
YHOO,2016-01-29,29.10,29.51,28.51,29.51,18718300,29.51
YHOO,2016-01-28,30.59,30.63,28.60,28.75,15420500,28.75
YHOO,2016-01-27,29.90,30.53,29.45,29.69,13269900,29.69
YHOO,2016-01-26,29.76,30.19,29.62,29.98,11422600,29.98
YHOO,2016-01-25,29.96,30.39,29.66,29.78,23095500,29.78
YHOO,2016-01-22,29.97,30.52,29.31,29.75,16272100,29.75
YHOO,2016-01-21,28.75,29.80,28.19,29.31,16073900,29.31
YHOO,2016-01-20,28.98,29.11,27.44,28.78,20455100,28.78
YHOO,2016-01-19,29.84,30.00,29.31,29.74,20036400,29.74
YHOO,2016-01-15,29.28,29.77,28.59,29.14,17352000,29.14
YHOO,2016-01-14,29.69,30.57,28.71,30.32,14995700,30.32
YHOO,2016-01-13,30.89,31.17,29.33,29.44,16593700,29.44
YHOO,2016-01-12,30.58,30.97,30.21,30.69,12635300,30.69
YHOO,2016-01-11,30.65,30.75,29.74,30.17,16676500,30.17
YHOO,2016-01-08,30.51,31.54,30.00,30.63,26299600,30.63
YHOO,2016-01-07,30.97,31.19,30.02,30.16,20495000,30.16
YHOO,2016-01-06,31.67,32.46,31.60,32.16,16026500,32.16
YHOO,2016-01-05,31.55,32.33,31.53,32.20,14294000,32.20
YHOO,2016-01-04,32.12,32.35,31.14,31.40,25176200,31.40
YHOO,2015-12-31,33.22,33.69,33.18,33.26,7396000,33.26
YHOO,2015-12-30,33.85,34.04,33.35,33.37,5933500,33.37
YHOO,2015-12-29,33.63,34.17,33.60,34.04,12573500,34.04
YHOO,2015-12-28,33.90,33.91,33.35,33.60,10869100,33.60
YHOO,2015-12-24,34.19,34.74,34.10,34.11,3468900,34.11
YHOO,2015-12-23,34.24,34.58,33.99,34.45,13448700,34.45
YHOO,2015-12-22,32.99,34.21,32.97,34.19,15521100,34.19
YHOO,2015-12-21,33.12,33.30,32.69,32.97,9065600,32.97
YHOO,2015-12-18,33.10,33.63,32.87,32.95,16414800,32.95
YHOO,2015-12-17,33.81,34.08,33.11,33.23,12708500,33.23
YHOO,2015-12-16,33.15,33.88,32.91,33.78,12592400,33.78
YHOO,2015-12-15,32.53,33.39,32.50,33.03,16140900,33.03
YHOO,2015-12-14,32.94,33.27,32.21,32.59,15949600,32.59
YHOO,2015-12-11,34.01,34.15,32.82,32.91,14877600,32.91
YHOO,2015-12-10,34.49,34.73,33.91,34.63,16128800,34.63
YHOO,2015-12-09,35.80,35.84,33.15,34.40,44643600,34.40
YHOO,2015-12-08,34.24,34.98,34.03,34.85,18513200,34.85
YHOO,2015-12-07,34.76,34.92,34.47,34.68,12029700,34.68
YHOO,2015-12-04,34.34,35.20,34.18,34.91,15502700,34.91
YHOO,2015-12-03,35.59,35.72,34.10,34.34,17068000,34.34
YHOO,2015-12-02,35.00,36.39,34.77,35.65,56614000,35.65
YHOO,2015-12-01,33.87,33.89,33.47,33.71,10862500,33.71
YHOO,2015-11-30,33.03,33.83,32.85,33.81,17363600,33.81
YHOO,2015-11-27,32.79,33.09,32.44,32.94,5313400,32.94
YHOO,2015-11-25,32.77,33.52,32.75,33.16,13257200,33.16
YHOO,2015-11-24,33.09,33.19,32.61,32.96,13364700,32.96
YHOO,2015-11-23,33.00,33.87,32.87,33.36,11899700,33.36
YHOO,2015-11-20,32.86,33.30,32.69,33.11,12498500,33.11
YHOO,2015-11-19,33.21,33.50,32.58,32.63,14222100,32.63
YHOO,2015-11-18,32.89,33.02,32.32,32.98,11105600,32.98
YHOO,2015-11-17,33.01,33.12,32.62,32.86,10270400,32.86
YHOO,2015-11-16,32.23,32.99,32.12,32.95,11087800,32.95
YHOO,2015-11-13,32.78,33.04,32.17,32.19,11063300,32.19
YHOO,2015-11-12,33.20,33.85,33.13,33.23,14273100,33.23
YHOO,2015-11-11,34.21,34.23,33.03,33.38,11804100,33.38
YHOO,2015-11-10,33.45,34.13,33.26,33.99,11511000,33.99
YHOO,2015-11-09,34.07,34.08,33.08,33.68,13645500,33.68
YHOO,2015-11-06,34.94,35.20,33.46,34.20,16608600,34.20
YHOO,2015-11-05,35.02,35.30,34.16,35.12,15679100,35.12
YHOO,2015-11-04,34.89,35.24,34.75,35.07,17501800,35.07
YHOO,2015-11-03,35.15,35.34,34.65,34.72,12394300,34.72
YHOO,2015-11-02,35.46,35.48,35.07,35.27,15206700,35.27
YHOO,2015-10-30,35.14,35.70,35.05,35.62,17418900,35.62
YHOO,2015-10-29,34.87,35.15,34.70,35.05,10796200,35.05
YHOO,2015-10-28,34.30,35.27,34.30,35.19,15174300,35.19
YHOO,2015-10-27,34.97,35.47,33.88,34.30,26380900,34.30
YHOO,2015-10-26,33.13,33.49,33.00,33.40,15810300,33.40
YHOO,2015-10-23,32.65,33.36,32.24,33.17,24308600,33.17
YHOO,2015-10-22,31.26,31.90,31.21,31.67,18501200,31.67
YHOO,2015-10-21,32.06,32.43,31.01,31.12,30390400,31.12
YHOO,2015-10-20,33.49,33.59,32.77,32.83,19349200,32.83
YHOO,2015-10-19,33.26,33.63,33.18,33.50,10856500,33.50
YHOO,2015-10-16,33.64,33.86,33.16,33.37,12209300,33.37
YHOO,2015-10-15,32.42,33.49,32.40,33.48,19403800,33.48
YHOO,2015-10-14,32.28,32.49,31.77,32.09,11282800,32.09
YHOO,2015-10-13,32.56,32.83,32.32,32.34,15873800,32.34
YHOO,2015-10-12,32.71,33.02,32.55,32.86,12580300,32.86
YHOO,2015-10-09,32.35,32.69,31.99,32.52,11830400,32.52
YHOO,2015-10-08,31.79,32.50,31.73,32.37,14245400,32.37
YHOO,2015-10-07,31.31,31.99,31.21,31.87,12224800,31.87
YHOO,2015-10-06,30.79,31.19,30.66,30.96,10963900,30.96
YHOO,2015-10-05,30.80,31.20,30.35,30.85,12883300,30.85
YHOO,2015-10-02,28.62,30.71,28.43,30.71,29250500,30.71
YHOO,2015-10-01,28.95,29.00,28.44,28.91,14467600,28.91
YHOO,2015-09-30,28.65,29.11,28.49,28.91,18317900,28.91
YHOO,2015-09-29,28.58,29.23,27.85,28.26,41895400,28.26
YHOO,2015-09-28,29.03,29.22,27.20,27.60,49541300,27.60
YHOO,2015-09-25,29.66,29.71,28.91,29.13,12817500,29.13
YHOO,2015-09-24,29.47,29.57,28.85,29.34,19109900,29.34
YHOO,2015-09-23,30.56,30.57,29.63,29.74,12755400,29.74
YHOO,2015-09-22,30.78,30.92,30.17,30.40,15614900,30.40
YHOO,2015-09-21,31.20,31.74,30.88,31.17,18745000,31.17
YHOO,2015-09-18,30.51,30.80,30.41,30.74,20538300,30.74
YHOO,2015-09-17,31.31,31.33,30.81,30.93,17094200,30.93
YHOO,2015-09-16,31.14,31.77,30.99,31.40,22179700,31.40
YHOO,2015-09-15,29.72,31.23,29.41,31.04,25661600,31.04
YHOO,2015-09-14,30.68,30.92,30.00,30.32,22186900,30.32
YHOO,2015-09-11,31.09,31.43,30.63,31.43,14365400,31.43
YHOO,2015-09-10,31.35,31.59,31.03,31.15,14330900,31.15
YHOO,2015-09-09,30.40,31.80,30.35,31.52,47058500,31.52
YHOO,2015-09-08,32.20,32.83,30.86,30.90,26873900,30.90
YHOO,2015-09-04,32.00,32.29,31.44,31.58,13854100,31.58
YHOO,2015-09-03,31.86,32.74,31.80,32.54,13748900,32.54
YHOO,2015-09-02,32.01,32.03,31.38,31.77,15688100,31.77
YHOO,2015-09-01,31.49,32.10,31.23,31.60,19903500,31.60
YHOO,2015-08-31,32.91,32.99,32.23,32.24,13609000,32.24
YHOO,2015-08-28,33.32,33.57,32.93,33.14,9366100,33.14
YHOO,2015-08-27,33.36,33.77,32.95,33.69,19105100,33.69
YHOO,2015-08-26,32.46,32.62,31.11,32.52,25414500,32.52
YHOO,2015-08-25,32.98,33.03,31.54,31.74,15752300,31.74
YHOO,2015-08-24,29.02,32.28,29.00,31.31,23163400,31.31
YHOO,2015-08-21,33.58,34.02,32.91,32.93,18373600,32.93
YHOO,2015-08-20,34.77,34.95,33.87,34.10,15604400,34.10
YHOO,2015-08-19,35.67,35.67,35.03,35.19,8976700,35.19
YHOO,2015-08-18,35.78,36.19,35.60,35.69,11445300,35.69
YHOO,2015-08-17,36.24,36.24,35.77,36.10,7933600,36.10
YHOO,2015-08-14,35.82,36.35,35.72,36.24,12241100,36.24
YHOO,2015-08-13,35.08,36.61,34.82,35.93,28987700,35.93
YHOO,2015-08-12,34.29,34.77,33.85,34.49,31405700,34.49
YHOO,2015-08-11,36.74,36.77,35.73,36.03,13833200,36.03
YHOO,2015-08-10,36.87,37.69,36.87,37.15,11351400,37.15
YHOO,2015-08-07,36.52,36.76,36.15,36.67,11845500,36.67
YHOO,2015-08-06,37.34,37.52,36.30,36.46,12299700,36.46
YHOO,2015-08-05,37.32,37.71,37.23,37.25,6844000,37.25
YHOO,2015-08-04,36.61,37.21,36.60,37.12,9051900,37.12
YHOO,2015-08-03,36.67,36.98,36.37,36.69,9887300,36.69
YHOO,2015-07-31,37.56,37.57,36.62,36.67,15446100,36.67
YHOO,2015-07-30,37.50,37.69,37.30,37.42,9542700,37.42
YHOO,2015-07-29,37.92,37.92,37.38,37.67,10290600,37.67
YHOO,2015-07-28,37.64,37.92,37.27,37.72,10333100,37.72
YHOO,2015-07-27,38.31,38.31,37.65,37.84,12942700,37.84
YHOO,2015-07-24,39.58,39.58,38.67,38.85,8590700,38.85
YHOO,2015-07-23,39.30,39.78,39.06,39.21,9267400,39.21
YHOO,2015-07-22,38.57,39.63,38.26,39.24,17714800,39.24
YHOO,2015-07-21,39.61,39.85,39.35,39.73,14861600,39.73
